Id,MSSubClass,MSZoning,LotArea,Street,LotShape,LandContour,LotConfig,LandSlope,Neighborhood,Condition1,Condition2,BldgType,HouseStyle,OverallQual,OverallCond,YearBuilt,YearRemodAdd,RoofStyle,Exterior1st,Exterior2nd,MasVnrType,MasVnrArea,ExterQual,ExterCond,Foundation,BsmtFinSF1,BsmtFinSF2,BsmtUnfSF,TotalBsmtSF,HeatingQC,CentralAir,Electrical,1stFlrSF,2ndFlrSF,LowQualFinSF,GrLivArea,BsmtFullBath,BsmtHalfBath,FullBath,HalfBath,BedroomAbvGr,KitchenAbvGr,KitchenQual,TotRmsAbvGrd,Functional,Fireplaces,GarageCars,GarageArea,PavedDrive,WoodDeckSF,OpenPorchSF,EnclosedPorch,3SsnPorch,ScreenPorch,PoolArea,MiscVal,MoSold,YrSold,SaleType,SaleCondition,SalePrice
760,60,RL,12257,Pave,IR1,Lvl,Inside,Gtl,NoRidge,Norm,Norm,1Fam,2Story,8,5,1995,1995,Gable,VinylSd,VinylSd,BrkFace,513.0,Gd,TA,PConc,56,64,1198,1318,Ex,Y,SBrkr,1328,1203,0,2531,0,0,2,1,4,1,Gd,9,Typ,1,3,752,Y,222,98,0,0,0,0,0,11,2007,WD,Normal,290000
858,60,RL,8125,Pave,Reg,Lvl,Inside,Gtl,Gilbert,Norm,Norm,1Fam,2Story,6,5,1994,1995,Gable,HdBoard,HdBoard,None,0.0,TA,TA,PConc,0,0,702,702,Gd,Y,SBrkr,702,779,0,1481,0,0,2,1,3,1,TA,6,Typ,1,2,343,Y,0,36,0,0,0,0,0,3,2009,WD,Normal,174000
1244,20,RL,13891,Pave,Reg,Lvl,Inside,Gtl,NridgHt,Norm,Norm,1Fam,1Story,10,5,2006,2006,Gable,VinylSd,VinylSd,,,Ex,TA,PConc,1386,0,690,2076,Ex,Y,SBrkr,2076,0,0,2076,1,0,2,1,2,1,Ex,7,Typ,1,3,850,Y,216,229,0,0,0,0,0,9,2006,New,Partial,465000
674,20,RL,14442,Pave,Reg,Lvl,Inside,Gtl,Crawfor,Norm,Norm,1Fam,1Story,6,7,1957,2004,Hip,CemntBd,CmentBd,BrkFace,106.0,TA,TA,PConc,1186,0,291,1477,Ex,Y,SBrkr,1839,0,0,1839,1,0,2,0,3,1,Gd,7,Typ,2,2,416,Y,0,87,0,0,200,0,0,6,2007,WD,Normal,257500
1269,50,RL,14100,Pave,IR1,Lvl,Inside,Mod,Crawfor,Norm,Norm,1Fam,1.5Fin,8,9,1935,1997,Gable,Stucco,Stucco,BrkFace,632.0,TA,Gd,CBlock,192,0,536,728,Ex,Y,SBrkr,1968,1479,0,3447,0,0,3,1,4,1,Gd,11,Typ,2,3,1014,Y,314,12,0,0,0,0,0,5,2008,WD,Normal,381000
2,20,RL,9600,Pave,Reg,Lvl,FR2,Gtl,Veenker,Feedr,Norm,1Fam,1Story,6,8,1976,1976,Gable,MetalSd,MetalSd,None,0.0,TA,TA,CBlock,978,0,284,1262,Ex,Y,SBrkr,1262,0,0,1262,0,1,2,0,3,1,TA,6,Typ,1,2,460,Y,298,0,0,0,0,0,0,5,2007,WD,Normal,181500
611,60,RL,11050,Pave,Reg,Lvl,Inside,Gtl,CollgCr,PosN,Norm,1Fam,2Story,9,5,2000,2000,Hip,VinylSd,VinylSd,BrkFace,204.0,Gd,TA,PConc,904,0,536,1440,Ex,Y,SBrkr,1476,677,0,2153,1,0,2,1,3,1,Ex,8,Typ,2,3,736,Y,253,142,0,0,0,0,0,5,2009,WD,Normal,313000
142,20,RL,11645,Pave,Reg,Lvl,Inside,Gtl,CollgCr,Norm,Norm,1Fam,1Story,7,5,2005,2005,Gable,VinylSd,VinylSd,None,0.0,Gd,TA,PConc,1300,0,434,1734,Ex,Y,SBrkr,1734,0,0,1734,1,0,2,0,3,1,Gd,7,Typ,0,2,660,Y,160,24,0,0,0,0,0,1,2006,WD,Normal,260000
865,20,FV,8640,Pave,Reg,Lvl,Inside,Gtl,Somerst,Norm,Norm,1Fam,1Story,7,5,2007,2008,Gable,VinylSd,VinylSd,None,0.0,Gd,TA,PConc,0,0,1372,1372,Ex,Y,SBrkr,1372,0,0,1372,0,0,2,0,3,1,Gd,6,Typ,0,2,529,Y,0,140,0,0,0,0,0,5,2008,New,Partial,250580
1344,50,RL,7558,Pave,Reg,Bnk,Inside,Gtl,Crawfor,Norm,Norm,1Fam,1.5Fin,6,6,1928,1950,Gable,BrkFace,Stone,None,0.0,TA,TA,BrkTil,0,0,896,896,Gd,Y,SBrkr,1172,741,0,1913,0,0,1,1,3,1,TA,9,Typ,1,2,342,Y,0,0,0,0,0,0,0,3,2009,WD,Normal,177000
1056,20,RL,11361,Pave,Reg,Lvl,Inside,Gtl,NWAmes,Norm,Norm,1Fam,1Story,6,5,1976,1976,Gable,Plywood,Plywood,BrkFace,160.0,TA,TA,CBlock,644,0,549,1193,TA,Y,SBrkr,1523,0,0,1523,0,1,2,0,3,1,TA,7,Typ,1,2,478,Y,0,0,0,0,189,0,0,5,2008,COD,Abnorml,180000
59,60,RL,13682,Pave,IR2,HLS,CulDSac,Gtl,StoneBr,Norm,Norm,1Fam,2Story,10,5,2006,2006,Hip,VinylSd,VinylSd,BrkFace,1031.0,Ex,TA,PConc,0,0,1410,1410,Ex,Y,SBrkr,1426,1519,0,2945,0,0,3,1,3,1,Gd,10,Typ,1,3,641,Y,192,0,37,0,0,0,0,10,2006,New,Partial,438780
790,60,RL,12205,Pave,IR1,Low,Inside,Gtl,ClearCr,Norm,Norm,1Fam,2Story,6,8,1966,2007,Gable,HdBoard,HdBoard,BrkFace,157.0,TA,TA,CBlock,568,0,264,832,Gd,Y,SBrkr,976,1111,0,2087,0,0,2,1,5,1,Gd,9,Typ,0,2,444,Y,133,168,0,0,0,0,0,7,2007,WD,Normal,187500
1045,20,RL,9600,Pave,Reg,Lvl,Inside,Gtl,NWAmes,PosN,Norm,1Fam,1Story,8,5,1981,1981,Hip,BrkFace,BrkFace,None,0.0,Gd,TA,PConc,1104,0,1420,2524,TA,Y,SBrkr,2524,0,0,2524,1,0,2,1,4,1,Gd,9,Typ,1,2,542,Y,474,120,0,0,0,0,0,7,2009,WD,Normal,278000
765,120,RL,9549,Pave,IR1,Lvl,CulDSac,Gtl,Veenker,Norm,Norm,TwnhsE,1Story,8,5,1995,1996,Hip,BrkFace,BrkFace,None,0.0,Gd,Gd,PConc,437,1057,0,1494,Ex,Y,SBrkr,1494,0,0,1494,1,0,1,1,2,1,Ex,6,Typ,1,2,481,Y,0,30,0,0,216,0,0,4,2006,WD,Normal,270000
1033,60,RL,14541,Pave,IR1,Lvl,Corner,Gtl,NoRidge,Norm,Norm,1Fam,2Story,8,7,1993,1993,Gable,MetalSd,MetalSd,None,0.0,Gd,Gd,PConc,1012,0,326,1338,Ex,Y,SBrkr,1352,1168,0,2520,1,0,2,1,5,1,Gd,10,Typ,1,3,796,Y,209,55,0,0,0,0,0,11,2006,WD,Abnorml,310000
1061,120,RL,4920,Pave,Reg,Lvl,Inside,Gtl,StoneBr,Norm,Norm,TwnhsE,1Story,8,5,2001,2001,Gable,CemntBd,CmentBd,None,0.0,Gd,TA,PConc,616,0,722,1338,Ex,Y,SBrkr,1338,0,0,1338,1,0,2,0,2,1,Gd,6,Typ,0,2,582,Y,0,0,170,0,0,0,0,4,2010,WD,Normal,213500
241,20,FV,9000,Pave,Reg,Lvl,Inside,Gtl,Somerst,Norm,Norm,1Fam,1Story,8,5,2008,2008,Gable,VinylSd,VinylSd,Stone,36.0,Gd,TA,PConc,1078,0,488,1566,Ex,Y,SBrkr,1566,0,0,1566,1,0,2,0,3,1,Gd,7,Typ,0,2,750,Y,144,168,0,0,0,0,0,4,2010,WD,Normal,262500
178,50,RL,13650,Pave,Reg,Lvl,Inside,Gtl,Sawyer,Norm,Norm,1Fam,1.5Fin,5,5,1958,1958,Gable,MetalSd,MetalSd,None,0.0,Gd,Gd,CBlock,57,441,554,1052,Ex,Y,SBrkr,1252,668,0,1920,1,0,2,0,4,1,Gd,8,Typ,1,2,451,Y,0,0,0,0,0,0,0,7,2006,WD,Normal,172500
1356,80,RL,10192,Pave,IR1,Lvl,Inside,Gtl,NWAmes,Norm,Norm,1Fam,SLvl,7,6,1968,1992,Gable,MetalSd,MetalSd,BrkFace,143.0,TA,TA,CBlock,0,0,570,570,Gd,Y,SBrkr,1222,698,0,1920,0,0,3,0,4,1,Gd,8,Typ,1,2,487,Y,0,98,0,0,0,0,0,9,2006,WD,Normal,170000
306,20,RL,10386,Pave,Reg,Lvl,Inside,Gtl,CollgCr,Norm,Norm,1Fam,1Story,8,5,2004,2005,Gable,CemntBd,CmentBd,Stone,246.0,Gd,TA,PConc,1464,0,536,2000,Ex,Y,SBrkr,2000,0,0,2000,1,0,2,0,3,1,Gd,8,Typ,0,3,888,Y,168,0,0,0,0,0,0,7,2007,WD,Normal,305900
410,60,FV,10800,Pave,Reg,Lvl,Inside,Gtl,Somerst,Norm,Norm,1Fam,2Story,8,5,2007,2008,Gable,VinylSd,VinylSd,Stone,100.0,Gd,TA,PConc,789,0,245,1034,Ex,Y,SBrkr,1050,1028,0,2078,1,0,2,1,3,1,Ex,8,Typ,1,3,836,Y,0,102,0,0,0,0,0,4,2008,New,Partial,339750
613,60,RL,11885,Pave,Reg,Lvl,Inside,Gtl,CollgCr,Norm,Norm,1Fam,2Story,8,5,2001,2001,Gable,VinylSd,VinylSd,BrkFace,108.0,Gd,TA,PConc,990,0,309,1299,Ex,Y,SBrkr,1299,573,0,1872,1,0,2,1,3,1,Ex,7,Typ,1,2,531,Y,160,122,0,0,0,0,0,11,2009,WD,Normal,261500
436,60,RL,10667,Pave,IR2,Lvl,CulDSac,Gtl,CollgCr,PosN,Norm,1Fam,2Story,7,6,1996,1996,Gable,VinylSd,VinylSd,None,0.0,Gd,TA,PConc,385,344,70,799,Ex,Y,SBrkr,827,834,0,1661,1,0,2,1,3,1,Gd,6,Typ,1,2,550,Y,158,61,0,0,0,0,0,4,2009,ConLw,Normal,212000
1278,80,RL,17871,Pave,IR1,Lvl,CulDSac,Gtl,NWAmes,Norm,Norm,1Fam,SLvl,6,5,1967,1976,Gable,HdBoard,HdBoard,BrkFace,359.0,TA,TA,CBlock,528,0,1152,1680,Fa,Y,SBrkr,1724,0,0,1724,1,0,1,1,3,1,TA,7,Typ,1,2,480,Y,0,0,0,0,0,0,0,6,2009,WD,Normal,197900
1210,20,RL,10182,Pave,IR1,Lvl,CulDSac,Gtl,Somerst,RRNn,Norm,1Fam,1Story,8,5,2006,2006,Hip,VinylSd,VinylSd,Stone,420.0,Gd,TA,PConc,1220,0,440,1660,Ex,Y,SBrkr,1660,0,0,1660,1,0,2,0,3,1,Gd,8,Typ,1,2,500,Y,322,50,0,0,0,0,0,5,2006,New,Partial,290000
1438,20,RL,12444,Pave,Reg,Lvl,FR2,Gtl,NridgHt,Norm,Norm,1Fam,1Story,8,5,2008,2008,Hip,VinylSd,VinylSd,Stone,426.0,Ex,TA,PConc,1336,0,596,1932,Ex,Y,SBrkr,1932,0,0,1932,1,0,2,0,2,1,Ex,7,Typ,1,3,774,Y,0,66,0,304,0,0,0,11,2008,New,Partial,394617
294,60,RL,16659,Pave,IR1,Lvl,Corner,Gtl,NWAmes,PosA,Norm,1Fam,2Story,7,7,1977,1994,Gable,Plywood,Plywood,BrkFace,34.0,TA,TA,CBlock,795,0,0,795,Fa,Y,SBrkr,1468,795,0,2263,1,0,2,1,3,1,Gd,9,Typ,1,2,539,Y,0,250,0,0,0,0,0,3,2006,WD,Normal,235000
833,60,RL,9548,Pave,IR1,Lvl,CulDSac,Gtl,CollgCr,Norm,Norm,1Fam,2Story,7,6,2003,2003,Gable,VinylSd,VinylSd,BrkFace,223.0,Gd,TA,PConc,483,0,458,941,Ex,Y,SBrkr,941,888,0,1829,1,0,2,1,3,1,Gd,7,Typ,1,2,613,Y,192,39,0,0,0,0,0,1,2010,WD,Normal,237000
401,120,RL,14963,Pave,IR2,Lvl,Inside,Gtl,Veenker,Norm,Norm,TwnhsE,1Story,8,5,1996,1996,Gable,BrkFace,BrkFace,None,0.0,Gd,TA,PConc,786,0,474,1260,Ex,Y,SBrkr,1288,0,0,1288,1,0,1,1,1,1,Ex,4,Typ,2,2,500,Y,120,30,0,0,224,0,0,12,2008,WD,Normal,245500
186,75,RM,22950,Pave,IR2,Lvl,Inside,Gtl,OldTown,Artery,Norm,1Fam,2.5Fin,10,9,1892,1993,Gable,Wd Sdng,Wd Sdng,None,0.0,Gd,Gd,BrkTil,0,0,1107,1107,Ex,Y,SBrkr,1518,1518,572,3608,0,0,2,1,4,1,Ex,12,Typ,2,3,840,Y,0,260,0,0,410,0,0,6,2006,WD,Normal,475000
769,20,RL,9100,Pave,Reg,Lvl,Inside,Gtl,CollgCr,Norm,Norm,1Fam,1Story,7,5,2004,2005,Hip,VinylSd,VinylSd,None,0.0,Gd,TA,PConc,24,0,1836,1860,Ex,Y,SBrkr,1836,0,0,1836,0,0,2,0,3,1,Gd,8,Typ,1,2,484,Y,120,33,0,0,0,0,0,10,2006,WD,Normal,216837
375,60,RL,8200,Pave,Reg,Lvl,Inside,Gtl,CollgCr,Norm,Norm,1Fam,2Story,7,5,2003,2004,Gable,VinylSd,VinylSd,None,0.0,Gd,TA,PConc,0,0,847,847,Ex,Y,SBrkr,847,1081,0,1928,0,0,2,1,4,1,Gd,8,Typ,1,2,434,Y,100,48,0,0,0,0,0,7,2007,WD,Normal,219500
1170,60,RL,35760,Pave,IR1,Lvl,CulDSac,Gtl,NoRidge,Norm,Norm,1Fam,2Story,10,5,1995,1996,Hip,HdBoard,HdBoard,BrkFace,1378.0,Gd,Gd,PConc,1387,0,543,1930,Ex,Y,SBrkr,1831,1796,0,3627,1,0,3,1,4,1,Gd,10,Typ,1,3,807,Y,361,76,0,0,0,0,0,7,2006,WD,Normal,625000
892,60,RL,11184,Pave,Reg,Lvl,Inside,Gtl,Sawyer,Norm,Norm,1Fam,2Story,6,5,1978,1978,Hip,HdBoard,HdBoard,BrkFace,92.0,TA,TA,CBlock,226,500,192,918,Gd,Y,SBrkr,918,765,0,1683,0,0,2,1,3,1,TA,7,Typ,1,2,440,Y,243,0,0,0,0,0,0,7,2009,WD,Normal,172500
619,20,RL,11694,Pave,Reg,Lvl,Inside,Gtl,NridgHt,Norm,Norm,1Fam,1Story,9,5,2007,2007,Hip,CemntBd,CmentBd,BrkFace,452.0,Ex,TA,PConc,48,0,1774,1822,Ex,Y,SBrkr,1828,0,0,1828,0,0,2,0,3,1,Gd,9,Typ,1,3,774,Y,0,108,0,0,260,0,0,7,2007,New,Partial,314813
415,60,RL,11228,Pave,IR2,Lvl,CulDSac,Gtl,SawyerW,Norm,Norm,1Fam,2Story,7,5,1993,1993,Gable,VinylSd,VinylSd,None,0.0,Gd,TA,PConc,50,531,499,1080,Ex,Y,SBrkr,1080,1017,0,2097,0,1,2,1,3,1,Gd,9,Typ,1,3,678,Y,196,187,0,0,0,0,0,12,2008,WD,Normal,228000
1159,20,RL,11932,Pave,Reg,Lvl,FR2,Gtl,Somerst,Feedr,Norm,1Fam,1Story,8,5,2007,2008,Gable,VinylSd,VinylSd,Stone,186.0,Gd,TA,PConc,0,0,1580,1580,Ex,Y,SBrkr,1580,0,0,1580,0,0,2,0,3,1,Gd,7,Typ,0,3,830,Y,0,24,0,0,0,0,0,6,2008,ConLD,Partial,235128
448,60,RL,11214,Pave,IR1,Lvl,Corner,Gtl,Gilbert,Norm,Norm,1Fam,2Story,7,5,1998,1999,Gable,VinylSd,VinylSd,None,0.0,Gd,TA,PConc,0,0,930,930,Gd,Y,SBrkr,956,930,0,1886,0,0,2,1,4,1,Gd,10,Typ,1,2,431,Y,89,0,0,0,0,0,0,7,2006,WD,Normal,199900
452,20,RL,70761,Pave,IR1,Low,Inside,Mod,ClearCr,Norm,Norm,1Fam,1Story,7,5,1975,1975,Gable,Plywood,Plywood,None,0.0,TA,TA,CBlock,655,0,878,1533,TA,Y,SBrkr,1533,0,0,1533,1,0,2,0,2,1,Gd,5,Typ,2,2,576,Y,200,54,0,0,0,0,0,12,2006,WD,Normal,280000
746,60,RL,8963,Pave,IR1,Lvl,Inside,Gtl,NWAmes,Norm,Norm,1Fam,2Story,8,9,1976,1996,Hip,VinylSd,VinylSd,BrkFace,289.0,Ex,Gd,CBlock,575,80,487,1142,Ex,Y,SBrkr,1175,1540,0,2715,0,1,3,1,4,1,Gd,11,Typ,2,2,831,Y,0,204,0,0,0,0,0,7,2008,WD,Normal,299800
33,20,RL,11049,Pave,Reg,Lvl,Corner,Gtl,CollgCr,Norm,Norm,1Fam,1Story,8,5,2007,2007,Gable,VinylSd,VinylSd,None,0.0,Gd,TA,PConc,0,0,1234,1234,Ex,Y,SBrkr,1234,0,0,1234,0,0,2,0,3,1,Gd,7,Typ,0,2,484,Y,0,30,0,0,0,0,0,1,2008,WD,Normal,179900
273,60,RL,11764,Pave,IR1,Lvl,CulDSac,Gtl,NoRidge,Norm,Norm,1Fam,2Story,8,7,1999,2007,Gable,VinylSd,VinylSd,BrkFace,348.0,Gd,TA,PConc,524,0,628,1152,Ex,Y,SBrkr,1164,1106,0,2270,0,0,2,1,4,1,Gd,9,Typ,1,3,671,Y,132,57,0,0,0,0,0,4,2010,WD,Normal,290000
976,160,FV,2651,Pave,Reg,Lvl,FR2,Gtl,Somerst,Norm,Norm,Twnhs,2Story,7,5,2000,2000,Gable,MetalSd,MetalSd,None,0.0,Gd,TA,PConc,641,0,32,673,Ex,Y,SBrkr,673,709,0,1382,1,0,2,1,3,1,Gd,6,Typ,0,2,490,Y,153,50,0,0,0,0,0,4,2006,WD,Normal,165000
1110,20,RL,11362,Pave,IR1,Lvl,Inside,Gtl,NridgHt,Norm,Norm,1Fam,1Story,8,5,2004,2005,Gable,MetalSd,MetalSd,Stone,42.0,Gd,TA,PConc,1039,0,797,1836,Ex,Y,SBrkr,1836,0,0,1836,1,0,2,0,3,1,Gd,7,Typ,1,3,862,Y,125,185,0,0,0,0,0,3,2009,WD,Normal,280000
904,20,RL,14859,Pave,IR1,HLS,CulDSac,Gtl,Gilbert,Norm,Norm,1Fam,1Story,7,5,2006,2006,Hip,VinylSd,VinylSd,BrkFace,27.0,Gd,TA,PConc,0,0,1670,1670,Ex,Y,SBrkr,1670,0,0,1670,0,0,2,0,3,1,Gd,7,Typ,1,3,690,Y,144,60,0,0,0,0,0,8,2006,New,Partial,240000
930,60,RL,13006,Pave,IR1,Lvl,Corner,Gtl,Gilbert,Norm,Norm,1Fam,2Story,7,5,1997,1997,Gable,HdBoard,HdBoard,BrkFace,285.0,TA,TA,PConc,0,0,964,964,Gd,Y,SBrkr,993,1243,0,2236,0,0,2,1,4,1,Gd,8,Typ,1,2,642,Y,0,0,0,0,0,0,0,11,2006,WD,Normal,222000
1231,90,RL,18890,Pave,IR1,Lvl,Inside,Gtl,Sawyer,Feedr,RRAe,Duplex,1.5Fin,5,5,1977,1977,Shed,Plywood,Plywood,None,1.0,TA,TA,CBlock,498,211,652,1361,Ex,Y,SBrkr,1361,1259,0,2620,0,0,2,2,4,2,TA,12,Typ,1,2,600,N,155,24,145,0,0,0,8300,8,2007,WD,Normal,190000
125,20,RL,17043,Pave,IR1,Lvl,CulDSac,Gtl,NWAmes,Norm,Norm,1Fam,1Story,6,5,1979,1998,Gable,HdBoard,HdBoard,None,0.0,TA,Gd,CBlock,0,0,1362,1362,TA,Y,SBrkr,1586,0,0,1586,0,0,2,0,3,1,TA,7,Typ,1,2,435,Y,192,0,0,0,0,0,0,1,2009,WD,Normal,181000
1148,70,RL,12000,Pave,Reg,Bnk,Inside,Gtl,Crawfor,Norm,Norm,1Fam,2Story,7,7,1941,1950,Gable,MetalSd,MetalSd,None,0.0,TA,TA,CBlock,275,0,429,704,Ex,Y,SBrkr,860,704,0,1564,0,0,1,1,3,1,Fa,7,Typ,1,1,234,Y,0,0,0,0,0,0,0,7,2009,WD,Normal,174500
1185,20,RL,35133,Grvl,Reg,Lvl,Inside,Mod,Timber,Norm,Norm,1Fam,1Story,5,4,1963,1963,Hip,MetalSd,MetalSd,BrkFace,226.0,TA,TA,CBlock,1159,0,413,1572,Gd,Y,SBrkr,1572,0,0,1572,1,0,1,1,3,1,TA,5,Typ,2,3,995,Y,0,263,0,0,263,0,0,5,2007,WD,Normal,186700
160,60,RL,19378,Pave,IR1,HLS,Corner,Gtl,Gilbert,Norm,Norm,1Fam,2Story,7,5,2005,2006,Gable,VinylSd,VinylSd,BrkFace,456.0,Gd,TA,PConc,57,0,1335,1392,Ex,Y,SBrkr,1392,1070,0,2462,1,0,2,1,4,1,Gd,9,Typ,1,2,576,Y,239,132,0,168,0,0,0,3,2006,New,Partial,320000
1301,60,RL,10762,Pave,IR1,Lvl,CulDSac,Gtl,Gilbert,Norm,Norm,1Fam,2Story,7,5,1999,1999,Gable,VinylSd,VinylSd,None,344.0,Gd,TA,PConc,694,0,284,978,Ex,Y,SBrkr,1005,978,0,1983,0,0,2,1,3,1,Gd,9,Typ,1,2,490,Y,0,0,0,0,0,0,0,5,2009,WD,Normal,225000
1314,60,RL,14774,Pave,IR1,Lvl,Corner,Gtl,NoRidge,Norm,Norm,1Fam,2Story,9,5,1999,1999,Gable,VinylSd,VinylSd,BrkFace,165.0,Gd,TA,PConc,0,0,1393,1393,Ex,Y,SBrkr,1422,1177,0,2599,0,0,2,1,4,1,Gd,10,Typ,1,3,779,Y,668,30,0,0,0,0,0,5,2010,WD,Normal,333168
1354,50,RL,14720,Pave,IR1,Lvl,CulDSac,Gtl,NoRidge,Norm,Norm,1Fam,1.5Fin,8,5,1995,1996,Hip,VinylSd,VinylSd,BrkFace,579.0,Gd,TA,PConc,816,0,1217,2033,Ex,Y,SBrkr,2053,1185,0,3238,1,0,2,1,4,1,Gd,9,Typ,1,3,666,Y,283,86,0,0,0,0,0,3,2010,WD,Normal,410000
190,120,RL,4923,Pave,Reg,Lvl,Inside,Gtl,StoneBr,Norm,Norm,TwnhsE,1Story,8,5,2001,2002,Gable,CemntBd,CmentBd,None,0.0,Gd,TA,PConc,1153,0,440,1593,Ex,Y,SBrkr,1593,0,0,1593,1,0,1,1,0,1,Ex,5,Typ,1,2,682,Y,0,120,0,0,224,0,0,8,2008,WD,Normal,286000
937,20,RL,10083,Pave,Reg,Lvl,Inside,Gtl,SawyerW,Norm,Norm,1Fam,1Story,7,5,2003,2003,Gable,VinylSd,VinylSd,,,Gd,TA,PConc,833,0,343,1176,Ex,Y,SBrkr,1200,0,0,1200,1,0,2,0,2,1,Gd,5,Typ,0,2,555,Y,0,41,0,0,0,0,0,8,2009,WD,Normal,184900
1176,50,RL,10678,Pave,Reg,Lvl,Inside,Gtl,NoRidge,Norm,Norm,1Fam,1.5Fin,8,5,1992,2000,Hip,HdBoard,HdBoard,BrkFace,337.0,Gd,TA,PConc,700,0,983,1683,Ex,Y,SBrkr,2129,743,0,2872,0,0,2,1,4,1,Gd,9,Typ,1,2,541,Y,0,33,0,0,0,0,0,4,2007,WD,Normal,285000
1251,20,RL,11160,Pave,Reg,Lvl,Corner,Gtl,NAmes,Norm,Norm,1Fam,1Story,7,5,1968,1968,Hip,BrkFace,BrkFace,None,0.0,Gd,TA,CBlock,1065,0,1045,2110,Ex,Y,SBrkr,2110,0,0,2110,1,0,2,1,3,1,Ex,8,Typ,2,2,522,Y,0,0,0,0,0,0,0,4,2010,WD,Normal,244000
261,80,RL,19296,Pave,Reg,Lvl,Corner,Gtl,NAmes,Artery,Norm,1Fam,SLvl,6,5,1962,1962,Gable,Wd Sdng,Wd Sdng,BrkFace,399.0,TA,TA,CBlock,672,690,0,1362,TA,Y,SBrkr,1382,0,0,1382,1,0,1,0,3,1,TA,6,Typ,1,2,884,Y,0,0,252,0,0,0,0,5,2009,WD,Normal,176000
759,160,FV,2280,Pave,Reg,Lvl,Inside,Gtl,Somerst,Norm,Norm,Twnhs,2Story,7,5,1999,1999,Gable,MetalSd,MetalSd,BrkFace,360.0,TA,TA,PConc,549,0,195,744,Gd,Y,SBrkr,757,744,0,1501,0,0,2,1,3,1,TA,6,Typ,0,2,440,Y,0,0,0,0,0,0,0,8,2008,WD,Normal,179400
279,20,RL,14450,Pave,Reg,Lvl,Inside,Gtl,NridgHt,Norm,Norm,1Fam,1Story,9,5,2006,2007,Gable,CemntBd,CmentBd,BrkFace,315.0,Ex,TA,PConc,0,0,2121,2121,Ex,Y,SBrkr,2121,0,0,2121,0,0,2,1,3,1,Ex,8,Typ,1,3,732,Y,124,98,0,0,142,0,0,5,2007,New,Partial,415298
5,60,RL,14260,Pave,IR1,Lvl,FR2,Gtl,NoRidge,Norm,Norm,1Fam,2Story,8,5,2000,2000,Gable,VinylSd,VinylSd,BrkFace,350.0,Gd,TA,PConc,655,0,490,1145,Ex,Y,SBrkr,1145,1053,0,2198,1,0,2,1,4,1,Gd,9,Typ,1,3,836,Y,192,84,0,0,0,0,0,12,2008,WD,Normal,250000
1143,60,RL,9965,Pave,Reg,Lvl,Inside,Gtl,CollgCr,Norm,Norm,1Fam,2Story,8,5,2006,2007,Hip,VinylSd,VinylSd,Stone,340.0,Gd,TA,PConc,1150,0,316,1466,Ex,Y,SBrkr,1466,1362,0,2828,1,0,3,0,4,1,Gd,11,Typ,1,3,1052,Y,125,144,0,0,0,0,0,4,2007,New,Partial,424870
846,85,RL,16647,Pave,IR1,Lvl,CulDSac,Gtl,Sawyer,RRAe,Norm,1Fam,SFoyer,5,5,1975,1981,Gable,HdBoard,HdBoard,None,0.0,TA,TA,CBlock,1390,0,0,1390,TA,Y,SBrkr,1701,0,0,1701,1,0,2,0,3,1,TA,6,Min2,2,2,611,Y,0,0,0,0,0,0,0,1,2007,WD,Normal,171000
1456,60,RL,7917,Pave,Reg,Lvl,Inside,Gtl,Gilbert,Norm,Norm,1Fam,2Story,6,5,1999,2000,Gable,VinylSd,VinylSd,None,0.0,TA,TA,PConc,0,0,953,953,Ex,Y,SBrkr,953,694,0,1647,0,0,2,1,3,1,TA,7,Typ,1,2,460,Y,0,40,0,0,0,0,0,8,2007,WD,Normal,175000
686,160,RL,5062,Pave,IR1,Lvl,CulDSac,Gtl,StoneBr,Norm,Norm,TwnhsE,2Story,7,5,1984,1984,Gable,HdBoard,HdBoard,None,0.0,Gd,TA,CBlock,828,182,180,1190,Gd,Y,SBrkr,1190,900,0,2090,1,0,2,0,3,1,Gd,6,Min1,1,2,577,Y,219,0,0,0,0,0,0,9,2007,WD,Normal,207500
547,50,RL,8737,Pave,IR1,Bnk,Inside,Gtl,BrkSide,Norm,Norm,1Fam,1.5Fin,6,7,1923,1950,Gable,BrkFace,Wd Sdng,None,0.0,TA,TA,BrkTil,300,0,765,1065,Ex,Y,FuseA,915,720,0,1635,0,0,1,1,3,1,TA,6,Typ,1,2,440,Y,0,38,0,144,0,0,0,5,2007,WD,Normal,210000
223,60,RL,11475,Pave,Reg,Lvl,Inside,Gtl,NWAmes,RRAn,Norm,1Fam,2Story,6,6,1975,1975,Gable,VinylSd,VinylSd,None,0.0,TA,TA,CBlock,550,0,163,713,TA,Y,SBrkr,811,741,0,1552,1,0,2,1,3,1,TA,6,Typ,1,2,434,Y,209,208,0,0,0,0,0,2,2006,WD,Normal,179900
645,20,FV,9187,Pave,Reg,Lvl,Inside,Gtl,Somerst,Norm,Norm,1Fam,1Story,9,5,2009,2009,Gable,CemntBd,CmentBd,Stone,162.0,Ex,TA,PConc,1121,0,645,1766,Ex,Y,SBrkr,1766,0,0,1766,1,0,2,1,2,1,Ex,7,Typ,1,3,478,Y,195,130,0,0,0,0,0,10,2009,New,Partial,370878
177,60,RL,10029,Pave,IR1,Lvl,Corner,Gtl,ClearCr,Norm,Norm,1Fam,2Story,6,5,1988,1989,Gable,Plywood,Plywood,BrkFace,268.0,Gd,TA,PConc,831,0,320,1151,TA,Y,SBrkr,1164,896,0,2060,0,1,2,1,4,1,TA,8,Typ,1,2,521,Y,0,228,0,0,192,0,0,9,2007,WD,Normal,211000
625,60,RL,10400,Pave,Reg,Lvl,Inside,Gtl,NWAmes,Norm,Norm,1Fam,2Story,6,5,1972,1972,Gable,VinylSd,VinylSd,None,288.0,TA,TA,CBlock,247,0,485,732,Gd,Y,SBrkr,1012,778,0,1790,1,0,1,2,4,1,TA,8,Min2,1,2,484,Y,148,0,0,0,147,0,0,11,2006,WD,Normal,165150
1059,60,RL,11308,Pave,IR1,Lvl,Inside,Gtl,NridgHt,Norm,Norm,1Fam,2Story,9,5,2008,2008,Gable,VinylSd,VinylSd,Stone,154.0,Ex,TA,PConc,936,0,168,1104,Ex,Y,SBrkr,1130,1054,0,2184,1,0,2,1,3,1,Ex,10,Typ,1,3,836,Y,0,102,0,0,0,0,0,7,2009,WD,Normal,335000
598,120,RL,3922,Pave,Reg,Lvl,Inside,Gtl,Blmngtn,Norm,Norm,TwnhsE,1Story,7,5,2006,2007,Gable,VinylSd,VinylSd,BrkFace,72.0,Gd,TA,PConc,0,0,1258,1258,Ex,Y,SBrkr,1402,0,0,1402,0,2,0,2,2,1,Gd,7,Typ,1,3,648,Y,120,16,0,0,0,0,0,2,2007,New,Partial,194201
939,60,RL,8760,Pave,Reg,Lvl,Inside,Gtl,CollgCr,Norm,Norm,1Fam,2Story,7,5,2006,2006,Gable,VinylSd,VinylSd,None,0.0,Gd,TA,PConc,464,0,927,1391,Ex,Y,SBrkr,1391,571,0,1962,0,0,2,1,3,1,Gd,7,Typ,0,3,868,Y,0,90,0,0,0,0,0,8,2006,New,Partial,239799
152,20,RL,13891,Pave,Reg,Lvl,Inside,Gtl,NridgHt,Norm,Norm,1Fam,1Story,8,5,2007,2008,Hip,VinylSd,VinylSd,Stone,436.0,Gd,TA,PConc,1400,0,310,1710,Ex,Y,SBrkr,1710,0,0,1710,1,0,2,0,2,1,Gd,6,Typ,1,3,866,Y,0,102,0,0,0,0,0,1,2008,New,Partial,372402
302,60,RL,16226,Pave,IR3,Lvl,Inside,Gtl,CollgCr,Norm,Norm,1Fam,2Story,8,5,1998,1999,Gable,VinylSd,VinylSd,None,0.0,Gd,TA,PConc,281,0,747,1028,Ex,Y,SBrkr,1210,1242,0,2452,0,0,2,1,4,1,Gd,9,Typ,1,2,683,Y,208,50,0,0,0,0,0,5,2007,WD,Normal,267000
307,60,RL,13474,Pave,Reg,Lvl,Inside,Gtl,SawyerW,Feedr,Norm,1Fam,2Story,7,5,1990,1991,Gable,HdBoard,Plywood,BrkFace,246.0,Gd,TA,CBlock,700,0,0,700,Gd,Y,SBrkr,1122,1121,0,2243,1,0,2,1,4,1,Gd,8,Typ,1,3,746,Y,127,44,224,0,0,0,0,6,2007,WD,Normal,225000
1452,20,RL,9262,Pave,Reg,Lvl,Inside,Gtl,Somerst,Norm,Norm,1Fam,1Story,8,5,2008,2009,Gable,CemntBd,CmentBd,Stone,194.0,Gd,TA,PConc,0,0,1573,1573,Ex,Y,SBrkr,1578,0,0,1578,0,0,2,0,3,1,Ex,7,Typ,1,3,840,Y,0,36,0,0,0,0,0,5,2009,New,Partial,287090
1066,60,RL,14000,Pave,Reg,Lvl,Inside,Mod,ClearCr,Norm,Norm,1Fam,2Story,7,5,1996,1997,Gable,Wd Sdng,Wd Sdng,None,0.0,Gd,TA,PConc,1201,0,105,1306,Ex,Y,SBrkr,1306,954,0,2260,1,0,2,1,3,1,Gd,7,Typ,0,2,533,Y,296,44,0,0,0,0,0,4,2010,WD,Normal,328000
191,70,RL,10570,Pave,Reg,Bnk,Inside,Mod,Crawfor,Norm,Norm,1Fam,2Story,8,8,1932,1994,Hip,BrkFace,BrkFace,None,0.0,Gd,TA,CBlock,297,0,556,853,TA,Y,SBrkr,1549,1178,0,2727,0,0,2,1,3,1,Gd,10,Maj1,2,2,440,Y,0,74,0,0,0,0,0,12,2007,WD,Normal,315000
754,60,RL,10240,Pave,Reg,Lvl,Inside,Gtl,NridgHt,Norm,Norm,1Fam,2Story,8,5,2005,2005,Gable,VinylSd,VinylSd,BrkFace,178.0,Gd,TA,PConc,0,0,1030,1030,Gd,Y,SBrkr,1038,1060,0,2098,0,0,2,1,3,1,Ex,8,Typ,1,3,878,Y,192,52,0,0,0,0,0,3,2006,WD,Normal,275500
1076,70,RL,13125,Pave,Reg,Lvl,Inside,Gtl,Crawfor,Norm,Norm,1Fam,2Story,7,6,1940,1984,Gable,Wd Sdng,Wd Sdng,None,0.0,TA,TA,CBlock,410,0,390,800,TA,Y,SBrkr,960,780,0,1740,0,0,1,1,3,1,TA,6,Typ,2,1,240,Y,0,0,0,0,0,0,0,7,2007,CWD,Normal,219500
1355,60,RL,10316,Pave,IR1,Lvl,Inside,Gtl,CollgCr,Norm,Norm,1Fam,2Story,7,5,2000,2000,Gable,VinylSd,VinylSd,None,0.0,Gd,TA,PConc,735,0,257,992,Ex,Y,SBrkr,992,873,0,1865,1,0,2,1,3,1,Gd,7,Typ,1,3,839,Y,0,184,0,0,0,0,0,6,2008,WD,Normal,235000
212,20,RL,10420,Pave,Reg,Lvl,Corner,Gtl,Edwards,Norm,Norm,1Fam,1Story,6,5,2009,2009,Gable,VinylSd,VinylSd,None,0.0,TA,TA,PConc,36,0,1176,1212,Ex,Y,SBrkr,1212,0,0,1212,0,0,2,0,3,1,Gd,6,Typ,0,2,460,Y,100,22,0,0,0,0,0,3,2010,WD,Normal,186000
97,20,RL,10264,Pave,IR1,Lvl,Inside,Gtl,CollgCr,Norm,Norm,1Fam,1Story,7,5,1999,1999,Gable,VinylSd,VinylSd,BrkFace,183.0,Gd,TA,PConc,1162,0,426,1588,Ex,Y,SBrkr,1588,0,0,1588,0,0,2,0,3,1,Gd,6,Typ,0,2,472,Y,158,29,0,0,0,0,0,8,2006,WD,Normal,214000
766,20,RL,14587,Pave,IR1,Lvl,Inside,Gtl,Somerst,Norm,Norm,1Fam,1Story,9,5,2008,2008,Gable,VinylSd,VinylSd,Stone,284.0,Gd,TA,PConc,0,0,1498,1498,Ex,Y,SBrkr,1506,0,0,1506,0,0,2,0,2,1,Ex,6,Typ,1,2,592,Y,0,174,0,0,0,0,0,8,2008,New,Partial,264132
596,20,RL,11302,Pave,IR1,Lvl,Inside,Gtl,StoneBr,Norm,Norm,1Fam,1Story,8,5,2005,2006,Gable,VinylSd,Other,BrkFace,238.0,Gd,TA,PConc,1422,0,392,1814,Ex,Y,SBrkr,1826,0,0,1826,1,0,2,0,3,1,Gd,7,Typ,1,3,758,Y,180,75,0,0,120,0,0,8,2006,New,Partial,319000
899,20,RL,12919,Pave,IR1,Lvl,Inside,Gtl,NridgHt,Norm,Norm,1Fam,1Story,9,5,2009,2010,Hip,VinylSd,VinylSd,Stone,760.0,Ex,TA,PConc,2188,0,142,2330,Ex,Y,SBrkr,2364,0,0,2364,1,0,2,1,2,1,Ex,11,Typ,2,3,820,Y,0,67,0,0,0,0,0,3,2010,New,Partial,611657
1022,20,RL,7406,Pave,Reg,Lvl,Inside,Gtl,CollgCr,Norm,Norm,1Fam,1Story,7,5,2006,2006,Gable,VinylSd,VinylSd,Stone,84.0,Gd,TA,PConc,684,0,515,1199,Ex,Y,SBrkr,1220,0,0,1220,1,0,2,0,2,1,Gd,6,Typ,0,2,632,Y,105,54,0,0,0,0,0,7,2006,New,Partial,194000
1306,20,RL,13173,Pave,IR1,Lvl,Corner,Gtl,NridgHt,Norm,Norm,1Fam,1Story,9,5,2006,2007,Hip,VinylSd,VinylSd,Stone,300.0,Gd,TA,PConc,1572,0,80,1652,Ex,Y,SBrkr,1652,0,0,1652,1,0,2,0,2,1,Ex,6,Typ,2,2,840,Y,404,102,0,0,0,0,0,11,2009,WD,Normal,325000
317,60,RL,13005,Pave,IR1,Lvl,Corner,Gtl,NWAmes,Norm,Norm,1Fam,2Story,7,7,1980,1980,Gable,CemntBd,CmentBd,BrkFace,278.0,Gd,TA,CBlock,692,0,153,845,TA,Y,SBrkr,1153,1200,0,2353,1,0,2,1,4,1,Ex,10,Typ,1,2,484,Y,288,195,0,0,0,0,0,8,2009,WD,Normal,260000
804,60,RL,13891,Pave,Reg,Lvl,Inside,Gtl,NridgHt,Norm,Norm,1Fam,2Story,9,5,2008,2009,Hip,VinylSd,VinylSd,Stone,424.0,Ex,TA,PConc,0,0,1734,1734,Ex,Y,SBrkr,1734,1088,0,2822,0,0,3,1,4,1,Ex,12,Typ,1,3,1020,Y,52,170,0,0,192,0,0,1,2009,New,Partial,582933
719,60,RL,10542,Pave,Reg,Lvl,Inside,Gtl,NoRidge,Norm,Norm,1Fam,2Story,7,5,1993,1994,Hip,Wd Sdng,ImStucc,BrkFace,651.0,Gd,TA,PConc,1173,0,138,1311,Ex,Y,SBrkr,1325,1093,0,2418,1,0,2,1,3,1,Gd,9,Typ,1,3,983,Y,250,154,216,0,0,0,0,8,2008,WD,Normal,341000
964,20,RL,11923,Pave,IR1,Lvl,Corner,Gtl,CollgCr,Norm,Norm,1Fam,1Story,9,5,2007,2007,Gable,VinylSd,VinylSd,None,0.0,Gd,TA,PConc,0,0,1800,1800,Ex,Y,SBrkr,1800,0,0,1800,0,0,2,0,2,1,Ex,7,Typ,0,2,702,Y,288,136,0,0,0,0,0,5,2009,WD,Normal,239000
528,60,RL,14948,Pave,IR1,Lvl,Inside,Gtl,NridgHt,Norm,Norm,1Fam,2Story,9,5,2008,2008,Hip,VinylSd,VinylSd,Stone,268.0,Ex,TA,PConc,1330,0,122,1452,Ex,Y,SBrkr,1476,1237,0,2713,1,0,2,1,3,1,Ex,11,Typ,1,3,858,Y,126,66,0,0,0,0,0,11,2008,New,Partial,446261
825,20,FV,11216,Pave,Reg,Lvl,Inside,Gtl,Somerst,Norm,Norm,1Fam,1Story,8,5,2006,2006,Gable,VinylSd,VinylSd,None,0.0,Gd,TA,PConc,0,0,1489,1489,Ex,Y,SBrkr,1489,0,0,1489,0,0,2,0,3,1,Gd,7,Typ,1,2,776,Y,0,140,0,0,0,0,0,6,2006,New,Partial,232600
112,80,RL,7750,Pave,IR1,Lvl,Inside,Gtl,Gilbert,Norm,Norm,1Fam,SLvl,7,5,2000,2000,Gable,VinylSd,VinylSd,None,0.0,TA,TA,PConc,250,0,134,384,Ex,Y,SBrkr,774,656,0,1430,0,0,2,1,3,1,TA,7,Typ,1,2,400,Y,180,0,0,0,0,0,0,4,2010,WD,Normal,180000
584,75,RM,13500,Pave,Reg,Lvl,Inside,Gtl,OldTown,Artery,PosA,1Fam,2.5Unf,10,9,1893,2000,Gable,Wd Sdng,Wd Sdng,None,0.0,Ex,Ex,BrkTil,0,0,1237,1237,Gd,Y,SBrkr,1521,1254,0,2775,0,0,3,1,3,1,Gd,9,Typ,1,2,880,Y,105,502,0,0,0,0,0,7,2008,WD,Normal,325000
93,30,RL,13360,Pave,IR1,HLS,Inside,Gtl,Crawfor,Norm,Norm,1Fam,1Story,5,7,1921,2006,Gable,Wd Sdng,Wd Sdng,None,0.0,TA,Gd,BrkTil,713,0,163,876,Ex,Y,SBrkr,964,0,0,964,1,0,1,0,2,1,TA,5,Typ,0,2,432,Y,0,0,44,0,0,0,0,8,2009,WD,Normal,163500
803,60,RL,8199,Pave,Reg,Lvl,Inside,Gtl,CollgCr,Norm,Norm,1Fam,2Story,7,5,2005,2005,Gable,WdShing,Wd Shng,None,0.0,Gd,TA,PConc,648,0,80,728,Ex,Y,SBrkr,728,728,0,1456,1,0,2,1,3,1,Gd,7,Typ,1,2,410,Y,36,18,0,0,0,0,0,10,2008,WD,Normal,189000
520,70,RL,10918,Pave,Reg,Lvl,Inside,Gtl,Crawfor,Norm,Norm,1Fam,2Story,7,9,1926,2004,Gambrel,MetalSd,MetalSd,None,0.0,Gd,TA,BrkTil,0,0,1276,1276,Ex,Y,SBrkr,1276,804,0,2080,0,0,1,1,3,1,Gd,9,Typ,2,1,282,Y,0,0,0,0,145,0,0,6,2009,WD,Normal,234000
1188,20,RL,12461,Pave,Reg,Lvl,Corner,Gtl,NoRidge,Norm,Norm,1Fam,1Story,8,5,1994,1995,Gable,ImStucc,ImStucc,None,0.0,Gd,TA,PConc,1456,0,168,1624,Ex,Y,SBrkr,1624,0,0,1624,1,0,2,0,2,1,Gd,5,Typ,1,3,757,Y,0,114,192,0,0,0,0,7,2006,WD,Normal,262000
984,60,RL,11250,Pave,Reg,Lvl,Corner,Gtl,CollgCr,Norm,Norm,1Fam,2Story,8,5,2002,2002,Gable,CemntBd,CmentBd,None,0.0,Gd,TA,PConc,0,0,1128,1128,Ex,Y,SBrkr,1149,1141,0,2290,0,0,2,1,4,1,Gd,9,Typ,1,2,779,Y,0,0,0,0,0,0,0,5,2008,WD,Normal,255900
1255,60,RL,6931,Pave,Reg,Lvl,Inside,Gtl,Edwards,Norm,Norm,1Fam,2Story,7,5,2003,2004,Gable,VinylSd,VinylSd,Stone,92.0,Gd,TA,PConc,0,0,746,746,Ex,Y,SBrkr,760,896,0,1656,0,0,2,1,3,1,Gd,7,Typ,1,2,397,Y,178,128,0,0,0,0,0,7,2008,WD,Normal,165400
1194,120,RM,4500,Pave,Reg,Lvl,FR2,Gtl,Mitchel,Norm,Norm,TwnhsE,1Story,6,5,1999,1999,Hip,VinylSd,VinylSd,BrkFace,425.0,TA,TA,PConc,883,0,341,1224,Ex,Y,SBrkr,1224,0,0,1224,1,0,2,0,2,1,TA,5,Typ,0,2,402,Y,0,304,0,0,0,0,0,6,2009,WD,Normal,165000
409,60,RL,14154,Pave,Reg,Lvl,Corner,Gtl,NridgHt,Norm,Norm,1Fam,2Story,7,5,2006,2006,Gable,VinylSd,VinylSd,BrkFace,350.0,Gd,TA,PConc,0,0,1063,1063,Ex,Y,SBrkr,1071,1101,0,2172,0,0,2,1,3,1,Gd,9,Typ,1,3,947,Y,192,62,0,0,0,0,0,8,2007,New,Partial,280000
938,60,RL,9675,Pave,Reg,Lvl,Inside,Gtl,Somerst,Norm,Norm,1Fam,2Story,7,5,2005,2005,Gable,VinylSd,VinylSd,None,0.0,Gd,TA,PConc,341,0,772,1113,Ex,Y,SBrkr,1113,858,0,1971,0,0,2,1,3,1,Gd,8,Typ,1,2,689,Y,0,48,0,0,0,0,0,2,2009,WD,Normal,253000
329,75,RL,11888,Pave,IR1,Bnk,Inside,Gtl,BrkSide,PosN,Norm,1Fam,2.5Unf,6,6,1916,1994,Gable,Wd Sdng,Wd Shng,None,0.0,TA,TA,BrkTil,0,0,844,844,Gd,N,FuseA,1445,689,0,2134,0,0,2,0,5,1,Gd,10,Typ,0,2,441,Y,0,60,268,0,0,0,0,7,2009,WD,Normal,214500
569,50,RL,12327,Pave,IR1,Low,Inside,Mod,SawyerW,Norm,Norm,1Fam,1.5Fin,8,8,1983,2009,Gable,Wd Sdng,Wd Sdng,None,0.0,Gd,TA,CBlock,1441,0,55,1496,Ex,Y,SBrkr,1496,636,0,2132,1,0,1,1,1,1,Gd,5,Min2,1,2,612,Y,349,40,0,0,0,0,0,9,2009,WD,Normal,316600
1410,60,RL,20544,Pave,IR1,Lvl,CulDSac,Gtl,NWAmes,Norm,Norm,1Fam,2Story,7,6,1986,1991,Gable,Plywood,Plywood,BrkFace,123.0,TA,Gd,CBlock,0,0,791,791,Gd,Y,SBrkr,1236,857,0,2093,0,0,2,1,3,1,TA,7,Typ,1,2,542,Y,364,63,0,0,0,0,0,11,2008,WD,Normal,215000
1362,20,RL,16158,Pave,IR1,Low,Inside,Mod,StoneBr,Norm,Norm,1Fam,1Story,7,5,2005,2005,Hip,VinylSd,VinylSd,Stone,16.0,Gd,TA,PConc,1274,0,256,1530,Ex,Y,SBrkr,1530,0,0,1530,1,0,2,0,3,1,Gd,7,Typ,1,2,430,Y,168,36,0,0,0,0,0,6,2009,WD,Normal,260000
398,60,RL,7590,Pave,Reg,Lvl,Inside,Gtl,NAmes,PosN,Norm,1Fam,2Story,5,5,1962,1962,Gable,VinylSd,VinylSd,BrkFace,288.0,TA,TA,CBlock,540,0,324,864,TA,Y,SBrkr,876,936,0,1812,0,0,2,0,4,1,TA,8,Typ,1,1,264,Y,0,168,0,0,0,0,0,7,2007,WD,Normal,169500
516,20,RL,12220,Pave,Reg,Lvl,Inside,Gtl,NridgHt,Norm,Norm,1Fam,1Story,10,5,2009,2009,Hip,CemntBd,CmentBd,BrkFace,305.0,Ex,TA,CBlock,1436,0,570,2006,Ex,Y,SBrkr,2020,0,0,2020,1,0,2,1,3,1,Ex,9,Typ,1,3,900,Y,156,54,0,0,0,0,0,9,2009,New,Partial,402861
1044,60,RL,11839,Pave,Reg,Lvl,Inside,Gtl,SawyerW,Norm,Norm,1Fam,2Story,7,5,1990,1990,Hip,HdBoard,HdBoard,BrkFace,99.0,TA,TA,PConc,1085,0,390,1475,Ex,Y,SBrkr,1532,797,0,2329,1,0,2,1,4,1,Gd,10,Typ,1,2,514,Y,192,121,0,0,0,0,0,5,2008,WD,Normal,262280
497,20,RL,12692,Pave,IR1,Lvl,Inside,Gtl,NoRidge,Norm,Norm,1Fam,1Story,8,5,1992,1993,Hip,BrkFace,BrkFace,None,0.0,Gd,TA,PConc,1231,0,1969,3200,Ex,Y,SBrkr,3228,0,0,3228,1,0,3,0,4,1,Gd,10,Typ,1,2,546,Y,264,75,291,0,0,0,0,5,2007,WD,Normal,430000
404,60,RL,12090,Pave,Reg,Lvl,Corner,Gtl,NoRidge,Norm,Norm,1Fam,2Story,8,5,1998,1998,Hip,VinylSd,VinylSd,BrkFace,650.0,Gd,TA,PConc,0,0,1141,1141,Gd,Y,SBrkr,1165,1098,0,2263,0,0,2,1,4,1,Gd,10,Typ,1,2,420,Y,144,123,0,0,0,0,0,7,2006,WD,Abnorml,258000
777,20,RL,11210,Pave,IR1,Lvl,Inside,Gtl,CollgCr,Norm,Norm,1Fam,1Story,7,5,2005,2006,Gable,VinylSd,VinylSd,BrkFace,240.0,Gd,TA,PConc,20,0,1594,1614,Ex,Y,SBrkr,1614,0,0,1614,0,0,2,0,3,1,Gd,7,Typ,0,3,865,Y,144,59,0,0,0,0,0,7,2006,New,Partial,221500
617,60,RL,7861,Pave,IR1,Lvl,Inside,Gtl,Gilbert,Norm,Norm,1Fam,2Story,6,5,2002,2003,Gable,VinylSd,VinylSd,None,0.0,Gd,TA,PConc,457,0,326,783,Ex,Y,SBrkr,807,702,0,1509,1,0,2,1,3,1,Gd,7,Typ,1,2,393,Y,100,75,0,0,0,0,0,6,2006,WD,Normal,183200
526,20,FV,7500,Pave,Reg,Lvl,Inside,Gtl,Somerst,Norm,Norm,1Fam,1Story,7,5,2005,2005,Gable,VinylSd,VinylSd,None,0.0,Gd,TA,PConc,0,0,1257,1257,Ex,Y,SBrkr,1266,0,0,1266,0,0,2,0,3,1,Gd,6,Typ,1,2,453,Y,38,144,0,0,0,0,0,4,2006,WD,Normal,176000
1349,20,RL,16196,Pave,IR3,Low,Inside,Gtl,SawyerW,Norm,Norm,1Fam,1Story,7,5,1998,1998,Gable,VinylSd,VinylSd,None,0.0,Gd,TA,PConc,1443,0,39,1482,Ex,Y,SBrkr,1494,0,0,1494,1,0,2,0,3,1,Gd,5,Typ,1,2,514,Y,402,25,0,0,0,0,0,8,2007,WD,Normal,215000
1181,60,RL,11170,Pave,IR2,Lvl,Corner,Gtl,Timber,Norm,Norm,1Fam,2Story,7,5,1990,1991,Gable,MetalSd,MetalSd,None,0.0,TA,TA,Wood,1216,0,0,1216,Ex,Y,SBrkr,1298,1216,0,2514,0,0,2,1,4,1,TA,8,Typ,0,2,693,Y,0,0,0,0,0,0,0,4,2006,WD,Normal,250000
756,160,FV,3230,Pave,Reg,Lvl,Inside,Gtl,Somerst,Norm,Norm,TwnhsE,2Story,6,5,1999,1999,Gable,MetalSd,MetalSd,BrkFace,894.0,TA,TA,PConc,381,0,348,729,Gd,Y,SBrkr,742,729,0,1471,0,0,2,1,3,1,TA,6,Typ,0,2,440,Y,0,24,0,0,0,0,0,3,2009,WD,Normal,172500
990,60,FV,8125,Pave,Reg,Lvl,Inside,Gtl,Somerst,Norm,Norm,1Fam,2Story,7,5,2006,2006,Gable,VinylSd,VinylSd,None,0.0,Gd,TA,PConc,0,0,770,770,Ex,Y,SBrkr,778,798,0,1576,0,0,2,1,3,1,Gd,6,Typ,0,2,614,Y,0,50,0,0,0,0,0,8,2006,New,Partial,197000
1168,60,RL,10852,Pave,IR1,Lvl,Inside,Gtl,Gilbert,RRAn,Norm,1Fam,2Story,6,5,2000,2000,Gable,VinylSd,VinylSd,None,0.0,TA,TA,PConc,786,0,173,959,Ex,Y,SBrkr,959,712,0,1671,1,0,2,1,3,1,TA,7,Typ,1,2,472,Y,0,38,0,0,0,0,0,2,2006,WD,Normal,173000
1404,20,RL,15256,Pave,IR1,Lvl,CulDSac,Gtl,Somerst,RRAn,Norm,1Fam,1Story,8,5,2007,2007,Gable,VinylSd,VinylSd,Stone,84.0,Gd,TA,PConc,929,0,556,1485,Ex,Y,SBrkr,1464,0,0,1464,1,0,2,0,3,1,Gd,6,Typ,0,3,754,Y,168,160,0,0,0,0,0,8,2007,WD,Normal,282922
227,60,RL,9950,Pave,IR1,Lvl,Inside,Gtl,NoRidge,Norm,Norm,1Fam,2Story,7,5,1995,1995,Gable,VinylSd,VinylSd,BrkFace,290.0,Gd,TA,PConc,565,0,638,1203,Ex,Y,SBrkr,1214,1306,0,2520,0,0,2,1,4,1,Gd,9,Typ,1,3,721,Y,224,114,0,0,0,0,0,6,2007,WD,Abnorml,290000
12,60,RL,11924,Pave,IR1,Lvl,Inside,Gtl,NridgHt,Norm,Norm,1Fam,2Story,9,5,2005,2006,Hip,WdShing,Wd Shng,Stone,286.0,Ex,TA,PConc,998,0,177,1175,Ex,Y,SBrkr,1182,1142,0,2324,1,0,3,0,4,1,Ex,11,Typ,2,3,736,Y,147,21,0,0,0,0,0,7,2006,New,Partial,345000
34,20,RL,10552,Pave,IR1,Lvl,Inside,Gtl,NAmes,Norm,Norm,1Fam,1Story,5,5,1959,1959,Hip,BrkFace,BrkFace,None,0.0,TA,TA,CBlock,1018,0,380,1398,Gd,Y,SBrkr,1700,0,0,1700,0,1,1,1,4,1,Gd,6,Typ,1,2,447,Y,0,38,0,0,0,0,0,4,2010,WD,Normal,165500
573,60,RL,13159,Pave,IR1,HLS,Corner,Gtl,Timber,Norm,Norm,1Fam,2Story,7,5,2009,2009,Gable,VinylSd,VinylSd,None,0.0,TA,TA,PConc,0,0,846,846,Gd,Y,SBrkr,846,846,0,1692,0,0,2,1,3,1,Gd,6,Typ,0,2,650,Y,208,114,0,0,0,0,0,7,2009,New,Partial,224500
929,20,RL,11838,Pave,Reg,Lvl,Inside,Gtl,CollgCr,Norm,Norm,1Fam,1Story,8,5,2001,2001,Hip,VinylSd,VinylSd,None,0.0,Gd,TA,PConc,0,0,1753,1753,Ex,Y,SBrkr,1788,0,0,1788,0,0,2,0,3,1,Ex,7,Typ,1,2,522,Y,202,151,0,0,0,0,0,6,2009,WD,Normal,236500
763,60,FV,8640,Pave,Reg,Lvl,Inside,Gtl,Somerst,Norm,Norm,1Fam,2Story,7,5,2009,2009,Gable,VinylSd,VinylSd,None,0.0,TA,TA,PConc,24,0,732,756,Ex,Y,SBrkr,764,783,0,1547,0,0,2,1,3,1,Gd,7,Typ,0,2,614,Y,169,45,0,0,0,0,0,6,2010,Con,Normal,215200
1268,20,RL,13214,Pave,IR1,HLS,Inside,Gtl,Timber,Norm,Norm,1Fam,1Story,9,5,2008,2009,Hip,Stucco,CmentBd,None,0.0,Ex,TA,PConc,0,0,2002,2002,Ex,Y,SBrkr,2018,0,0,2018,0,0,2,0,3,1,Ex,10,Typ,1,3,746,Y,144,76,0,0,0,0,0,5,2010,WD,Normal,378500
276,50,RL,7264,Pave,Reg,Lvl,Inside,Gtl,BrkSide,Norm,Norm,1Fam,1.5Fin,7,7,1925,2007,Gable,Wd Sdng,Wd Sdng,None,0.0,Gd,Gd,BrkTil,0,0,952,952,Gd,N,SBrkr,952,596,0,1548,0,0,2,1,3,1,Ex,5,Typ,0,2,672,Y,74,0,0,0,144,0,0,10,2009,WD,Normal,205000
605,20,RL,12803,Pave,IR1,Lvl,Inside,Gtl,CollgCr,Norm,Norm,1Fam,1Story,7,5,2002,2002,Gable,VinylSd,VinylSd,BrkFace,99.0,Gd,TA,PConc,922,0,572,1494,Ex,Y,SBrkr,1494,0,0,1494,1,0,2,0,3,1,Gd,6,Typ,1,2,530,Y,192,36,0,0,0,0,0,9,2008,WD,Normal,221000
159,60,FV,12552,Pave,Reg,Lvl,Corner,Gtl,Somerst,Norm,Norm,1Fam,2Story,7,5,2004,2005,Gable,VinylSd,VinylSd,None,0.0,Gd,TA,PConc,222,0,769,991,Ex,Y,SBrkr,991,956,0,1947,0,0,2,1,3,1,Gd,8,Typ,1,2,678,Y,0,136,0,0,0,0,0,5,2010,WD,Normal,254900
135,20,RL,10335,Pave,IR1,Lvl,Inside,Gtl,Sawyer,Norm,Norm,1Fam,1Story,5,6,1968,1993,Gable,Plywood,Plywood,None,0.0,TA,TA,CBlock,570,0,891,1461,Gd,Y,SBrkr,1721,0,0,1721,0,0,2,1,3,1,TA,7,Min1,1,2,440,Y,0,96,180,0,0,0,0,7,2006,WD,Normal,180000
434,60,RL,10839,Pave,IR1,Lvl,Corner,Gtl,Gilbert,Norm,Norm,1Fam,2Story,6,5,1997,1998,Gable,VinylSd,VinylSd,None,0.0,TA,TA,PConc,0,0,926,926,Ex,Y,SBrkr,926,678,0,1604,0,0,2,1,3,1,TA,7,Typ,1,2,470,Y,0,36,0,0,0,0,0,7,2008,WD,Normal,181000
474,20,RL,14977,Pave,IR1,Lvl,Inside,Gtl,NridgHt,Norm,Norm,1Fam,1Story,8,5,2006,2007,Gable,VinylSd,VinylSd,BrkFace,304.0,Gd,TA,PConc,1350,0,626,1976,Ex,Y,SBrkr,1976,0,0,1976,1,0,2,0,2,1,Gd,7,Typ,1,3,908,Y,250,63,0,0,0,0,0,7,2007,New,Partial,440000
640,120,RL,3982,Pave,Reg,Lvl,Inside,Gtl,Blmngtn,Norm,Norm,TwnhsE,1Story,8,5,2006,2006,Hip,VinylSd,VinylSd,None,0.0,Gd,TA,PConc,1154,0,366,1520,Ex,Y,SBrkr,1567,0,0,1567,1,0,2,0,1,1,Ex,7,Typ,1,3,648,Y,312,0,0,0,0,0,0,10,2006,New,Partial,264561
322,60,RL,12099,Pave,IR1,Lvl,Inside,Gtl,NridgHt,Norm,Norm,1Fam,2Story,8,5,2004,2004,Gable,VinylSd,VinylSd,BrkFace,388.0,Gd,TA,PConc,970,0,166,1136,Ex,Y,SBrkr,1136,1332,0,2468,1,0,2,1,4,1,Gd,10,Typ,1,3,872,Y,184,154,0,0,0,0,0,6,2007,WD,Normal,354000
669,20,RL,14175,Pave,Reg,Bnk,Corner,Mod,Sawyer,Norm,Norm,1Fam,1Story,5,6,1956,1987,Gable,CemntBd,Wd Sdng,None,0.0,TA,TA,CBlock,988,0,200,1188,Gd,Y,SBrkr,1437,0,0,1437,1,0,1,1,3,1,TA,6,Min2,1,2,576,Y,304,0,0,0,0,0,0,11,2006,WD,Normal,168000
475,120,RL,5330,Pave,Reg,Lvl,Inside,Gtl,StoneBr,Norm,Norm,TwnhsE,1Story,8,5,2000,2000,Gable,CemntBd,CmentBd,None,0.0,Gd,TA,PConc,1196,0,298,1494,Ex,Y,SBrkr,1652,0,0,1652,1,0,2,0,2,1,Ex,6,Typ,0,2,499,Y,96,48,0,0,0,0,0,8,2007,WD,Normal,251000
1247,60,FV,8125,Pave,Reg,Lvl,Inside,Gtl,Somerst,Norm,Norm,1Fam,2Story,7,5,2005,2006,Gable,VinylSd,VinylSd,None,0.0,Gd,TA,PConc,0,0,756,756,Ex,Y,SBrkr,756,797,0,1553,0,0,2,1,3,1,Gd,6,Typ,0,2,615,Y,0,45,0,0,0,0,0,3,2006,New,Partial,186500
266,20,RL,12090,Pave,IR1,Lvl,Inside,Gtl,NWAmes,Norm,Norm,1Fam,1Story,6,6,1981,1981,Gable,MetalSd,MetalSd,BrkFace,210.0,TA,Gd,CBlock,588,228,606,1422,TA,Y,SBrkr,1422,0,0,1422,0,0,2,0,3,1,Gd,7,Typ,1,2,576,Y,276,0,0,0,0,0,0,6,2008,WD,Normal,175500
546,50,RL,13837,Pave,IR1,Lvl,Corner,Gtl,NWAmes,Norm,Norm,1Fam,1.5Fin,7,5,1988,1988,Gable,HdBoard,HdBoard,BrkFace,178.0,Gd,Gd,PConc,1002,202,0,1204,Gd,Y,SBrkr,1377,806,0,2183,0,0,2,1,4,1,Gd,9,Typ,0,3,786,Y,0,0,0,0,0,0,0,2,2006,WD,Normal,229000
87,60,RL,11911,Pave,IR2,Lvl,Inside,Gtl,Gilbert,Norm,Norm,1Fam,2Story,6,5,2005,2005,Gable,VinylSd,VinylSd,None,0.0,Gd,TA,PConc,0,0,684,684,Ex,Y,SBrkr,684,876,0,1560,0,0,2,1,3,1,Gd,6,Typ,1,2,400,Y,100,38,0,0,0,0,0,3,2009,WD,Normal,174000
3,60,RL,11250,Pave,IR1,Lvl,Inside,Gtl,CollgCr,Norm,Norm,1Fam,2Story,7,5,2001,2002,Gable,VinylSd,VinylSd,BrkFace,162.0,Gd,TA,PConc,486,0,434,920,Ex,Y,SBrkr,920,866,0,1786,1,0,2,1,3,1,Gd,6,Typ,1,2,608,Y,0,42,0,0,0,0,0,9,2008,WD,Normal,223500
36,60,RL,13418,Pave,Reg,Lvl,Inside,Gtl,NridgHt,Norm,Norm,1Fam,2Story,8,5,2004,2005,Gable,VinylSd,VinylSd,Stone,132.0,Gd,TA,PConc,0,0,1117,1117,Ex,Y,SBrkr,1132,1320,0,2452,0,0,3,1,4,1,Gd,9,Typ,1,3,691,Y,113,32,0,0,0,0,0,9,2006,WD,Normal,309000
220,120,RL,3010,Pave,Reg,Lvl,Inside,Gtl,Blmngtn,Norm,Norm,TwnhsE,1Story,7,5,2005,2006,Gable,VinylSd,VinylSd,BrkFace,16.0,Gd,TA,PConc,16,0,1232,1248,Ex,Y,SBrkr,1248,0,0,1248,0,0,2,0,2,1,Gd,5,Typ,0,2,438,Y,108,0,0,0,0,0,0,3,2006,New,Partial,167240
258,20,RL,8814,Pave,Reg,Lvl,Inside,Gtl,CollgCr,Norm,Norm,1Fam,1Story,7,5,2006,2006,Gable,VinylSd,VinylSd,Stone,180.0,Gd,TA,PConc,1334,0,270,1604,Ex,Y,SBrkr,1604,0,0,1604,1,0,2,1,3,1,Gd,8,Typ,1,2,660,Y,123,110,0,0,0,0,0,3,2009,WD,Abnorml,220000
707,20,RL,115149,Pave,IR2,Low,CulDSac,Sev,ClearCr,Norm,Norm,1Fam,1Story,7,5,1971,2002,Gable,Plywood,Plywood,Stone,351.0,TA,TA,CBlock,1219,0,424,1643,TA,Y,SBrkr,1824,0,0,1824,1,0,2,0,2,1,Gd,5,Typ,2,2,739,Y,380,48,0,0,0,0,0,6,2007,WD,Normal,302000
464,70,RL,11988,Pave,IR1,HLS,Inside,Mod,Crawfor,Norm,Norm,1Fam,2Story,6,7,1934,1995,Hip,Stucco,Stucco,None,0.0,TA,TA,CBlock,326,0,389,715,Fa,Y,FuseA,849,811,0,1660,0,0,1,1,3,1,TA,6,Typ,1,1,240,Y,0,0,0,0,0,0,0,8,2008,WD,Normal,188700
390,60,RL,12474,Pave,Reg,Lvl,Inside,Gtl,NridgHt,Norm,Norm,1Fam,2Story,10,5,2007,2008,Gable,VinylSd,VinylSd,Stone,272.0,Ex,TA,PConc,1280,0,402,1682,Ex,Y,SBrkr,1742,590,0,2332,1,0,2,1,3,1,Ex,9,Typ,1,3,846,Y,196,134,0,0,0,0,0,8,2008,New,Partial,426000
1068,60,RL,9760,Pave,Reg,Lvl,Inside,Mod,NAmes,Norm,Norm,1Fam,2Story,6,6,1964,1964,Gable,HdBoard,HdBoard,BrkFace,360.0,TA,TA,CBlock,674,106,0,780,TA,Y,SBrkr,798,813,0,1611,1,0,1,1,4,1,TA,7,Typ,0,2,442,Y,328,128,0,0,189,0,0,6,2008,WD,Normal,167900
256,60,RL,8738,Pave,IR1,Lvl,Inside,Gtl,Gilbert,Norm,Norm,1Fam,2Story,7,5,1999,1999,Gable,VinylSd,VinylSd,BrkFace,302.0,Gd,TA,PConc,0,0,975,975,Ex,Y,SBrkr,1005,1286,0,2291,0,0,2,1,4,1,Gd,8,Typ,1,2,429,Y,192,0,0,0,0,0,0,2,2006,WD,Normal,230000
1169,70,RL,13728,Pave,Reg,Lvl,Corner,Gtl,Edwards,Norm,Norm,1Fam,2Story,6,7,1935,1986,Hip,Stucco,Stucco,None,0.0,TA,TA,CBlock,626,0,501,1127,Ex,Y,SBrkr,1236,872,0,2108,0,0,2,0,4,1,Gd,7,Typ,2,2,540,Y,0,0,0,0,90,0,0,7,2008,WD,Normal,235000
540,20,RL,11423,Pave,Reg,Lvl,Inside,Gtl,CollgCr,Norm,Norm,1Fam,1Story,8,5,2001,2002,Gable,VinylSd,VinylSd,BrkFace,479.0,Gd,TA,PConc,1358,0,223,1581,Ex,Y,SBrkr,1601,0,0,1601,1,0,2,0,3,1,Gd,6,Typ,1,2,670,Y,180,0,0,0,0,0,2000,5,2010,WD,Normal,272000
1060,50,RL,11275,Pave,IR1,HLS,Corner,Mod,Crawfor,Norm,Norm,1Fam,1.5Fin,6,7,1932,1950,Gable,MetalSd,MetalSd,BrkFace,480.0,TA,TA,CBlock,297,557,0,854,TA,Y,SBrkr,1096,895,0,1991,0,0,1,1,3,1,TA,7,Typ,1,2,432,Y,0,0,19,0,0,0,0,3,2007,WD,Normal,220000
1196,60,RL,8029,Pave,IR1,Lvl,Inside,Gtl,Gilbert,Norm,Norm,1Fam,2Story,6,5,2005,2005,Gable,VinylSd,VinylSd,None,0.0,TA,TA,PConc,0,0,728,728,Ex,Y,SBrkr,728,728,0,1456,0,0,2,1,3,1,Gd,8,Typ,0,2,400,Y,100,24,0,0,0,0,0,7,2008,WD,Normal,176000
948,20,RL,14536,Pave,Reg,Lvl,Inside,Gtl,Timber,Norm,Norm,1Fam,1Story,8,5,2002,2003,Hip,VinylSd,VinylSd,BrkFace,236.0,Gd,TA,PConc,1300,0,316,1616,Ex,Y,SBrkr,1629,0,0,1629,1,0,2,0,3,1,Gd,9,Typ,1,3,808,Y,0,252,0,0,0,0,0,11,2007,WD,Normal,270000
181,160,FV,2117,Pave,Reg,Lvl,Inside,Gtl,Somerst,Norm,Norm,Twnhs,2Story,6,5,2000,2000,Gable,MetalSd,MetalSd,BrkFace,456.0,Gd,TA,PConc,436,0,320,756,Ex,Y,SBrkr,769,756,0,1525,0,0,2,1,3,1,Gd,5,Typ,1,2,440,Y,0,0,0,0,0,0,0,6,2007,WD,Normal,177000
120,60,RL,8461,Pave,Reg,Lvl,Inside,Gtl,CollgCr,Norm,Norm,1Fam,2Story,6,5,2005,2006,Gable,VinylSd,VinylSd,None,0.0,Gd,TA,PConc,0,0,728,728,Ex,Y,SBrkr,728,728,0,1456,0,0,2,1,3,1,Gd,8,Typ,1,2,390,Y,0,24,0,0,0,0,0,7,2006,New,Partial,163990
482,20,RL,11846,Pave,IR1,HLS,Inside,Gtl,NridgHt,Norm,Norm,1Fam,1Story,9,5,2003,2004,Hip,VinylSd,VinylSd,BrkFace,562.0,Gd,TA,PConc,1567,0,225,1792,Ex,Y,SBrkr,1792,0,0,1792,1,0,2,0,2,1,Ex,6,Typ,1,3,874,Y,206,49,0,0,0,0,0,8,2006,WD,Normal,374000
1445,20,RL,8500,Pave,Reg,Lvl,FR2,Gtl,CollgCr,Norm,Norm,1Fam,1Story,7,5,2004,2004,Gable,VinylSd,VinylSd,BrkFace,106.0,Gd,TA,PConc,0,0,1422,1422,Ex,Y,SBrkr,1422,0,0,1422,0,0,2,0,3,1,Gd,7,Typ,0,2,626,Y,192,60,0,0,0,0,0,11,2007,WD,Normal,179600
179,20,RL,17423,Pave,IR1,Lvl,CulDSac,Gtl,StoneBr,Norm,Norm,1Fam,1Story,9,5,2008,2009,Hip,VinylSd,VinylSd,Stone,748.0,Ex,TA,PConc,1904,0,312,2216,Ex,Y,SBrkr,2234,0,0,2234,1,0,2,0,1,1,Ex,9,Typ,1,3,1166,Y,0,60,0,0,0,0,0,7,2009,New,Partial,501837
696,20,RL,13811,Pave,IR1,Lvl,Inside,Gtl,Timber,Norm,Norm,1Fam,1Story,6,6,1987,1987,Gable,HdBoard,HdBoard,BrkFace,72.0,TA,TA,CBlock,980,40,92,1112,Gd,Y,SBrkr,1137,0,0,1137,1,0,2,0,2,1,Gd,5,Typ,1,2,551,Y,125,0,0,0,0,0,0,7,2006,WD,Normal,176000
253,60,RL,8366,Pave,IR1,Lvl,Inside,Gtl,SawyerW,Norm,Norm,1Fam,2Story,6,5,2004,2004,Gable,VinylSd,VinylSd,None,0.0,Gd,TA,PConc,0,0,798,798,Ex,Y,SBrkr,798,842,0,1640,0,0,2,1,3,1,Gd,6,Typ,0,2,520,Y,138,45,0,0,0,0,0,12,2008,WD,Normal,173000
731,120,RL,5389,Pave,IR1,Lvl,Inside,Gtl,StoneBr,Norm,Norm,TwnhsE,1Story,8,5,1995,1996,Gable,CemntBd,CmentBd,None,0.0,Gd,TA,PConc,1180,0,415,1595,Ex,Y,SBrkr,1616,0,0,1616,1,0,2,0,2,1,Gd,5,Typ,1,2,608,Y,237,152,0,0,0,0,0,3,2010,WD,Normal,236500
1396,60,RL,12665,Pave,IR1,Lvl,Inside,Gtl,Timber,Norm,Norm,1Fam,2Story,8,5,2005,2006,Hip,VinylSd,VinylSd,BrkFace,245.0,Gd,TA,PConc,0,0,1094,1094,Ex,Y,SBrkr,1133,1349,0,2482,0,0,2,1,4,1,Gd,9,Typ,1,3,642,Y,144,39,0,0,0,0,0,2,2007,WD,Normal,281213
148,60,RL,9505,Pave,IR1,Lvl,CulDSac,Gtl,Gilbert,Norm,Norm,1Fam,2Story,7,5,2001,2001,Gable,VinylSd,VinylSd,BrkFace,180.0,Gd,TA,PConc,0,0,884,884,Ex,Y,SBrkr,884,1151,0,2035,0,0,2,1,3,1,Gd,8,Typ,1,2,434,Y,144,48,0,0,0,0,0,5,2010,WD,Normal,222500
58,60,RL,11645,Pave,IR1,Lvl,Corner,Gtl,CollgCr,Norm,Norm,1Fam,2Story,7,5,2004,2004,Gable,VinylSd,VinylSd,None,0.0,Gd,TA,PConc,0,0,860,860,Ex,Y,SBrkr,860,860,0,1720,0,0,2,1,3,1,Gd,7,Typ,0,2,565,Y,0,70,0,0,0,0,0,8,2006,WD,Normal,196500
1108,60,RL,23257,Pave,IR3,HLS,CulDSac,Gtl,Gilbert,Norm,Norm,1Fam,2Story,7,5,2006,2006,Gable,VinylSd,VinylSd,None,0.0,Gd,TA,PConc,0,0,868,868,Ex,Y,SBrkr,887,1134,0,2021,0,0,2,1,3,1,Gd,9,Typ,1,2,422,Y,0,100,0,0,0,0,0,9,2006,New,Partial,274725
601,60,RL,10927,Pave,Reg,Lvl,Inside,Gtl,NridgHt,Norm,Norm,1Fam,2Story,8,5,2005,2005,Gable,VinylSd,VinylSd,BrkFace,280.0,Gd,TA,PConc,546,0,512,1058,Ex,Y,SBrkr,1058,846,0,1904,1,0,2,1,3,1,Ex,8,Typ,1,2,736,Y,179,60,0,0,0,0,0,6,2006,WD,Normal,275000
467,20,RL,10628,Pave,Reg,Lvl,Inside,Gtl,NAmes,Norm,Norm,1Fam,1Story,7,5,1970,1970,Flat,Plywood,Plywood,None,0.0,TA,Gd,CBlock,778,0,499,1277,TA,Y,SBrkr,1277,0,0,1277,1,0,1,0,2,1,TA,5,Typ,1,2,526,Y,0,0,0,0,176,0,0,4,2007,WD,Normal,167000
1067,60,RL,7837,Pave,IR1,Lvl,Inside,Gtl,Gilbert,Norm,Norm,1Fam,2Story,6,7,1993,1994,Gable,VinylSd,VinylSd,None,0.0,Gd,TA,PConc,0,0,799,799,Gd,Y,SBrkr,799,772,0,1571,0,0,2,1,3,1,TA,7,Typ,1,2,380,Y,0,40,0,0,0,0,0,5,2009,WD,Normal,178000
445,60,RL,8750,Pave,Reg,Lvl,Inside,Gtl,CollgCr,Norm,Norm,1Fam,2Story,7,5,1994,1995,Gable,VinylSd,VinylSd,None,0.0,Gd,Gd,PConc,642,0,273,915,Ex,Y,SBrkr,933,975,0,1908,1,0,2,1,4,1,Gd,8,Typ,1,2,493,Y,144,133,0,0,0,0,0,7,2008,WD,Normal,210000
1227,60,RL,14598,Pave,IR1,Lvl,CulDSac,Gtl,Somerst,Feedr,Norm,1Fam,2Story,6,5,2007,2007,Gable,VinylSd,VinylSd,Stone,74.0,Gd,TA,PConc,0,0,894,894,Ex,Y,SBrkr,894,1039,0,1933,0,0,2,1,4,1,Gd,9,Typ,1,3,668,Y,100,18,0,0,0,0,0,1,2008,WD,Normal,214000
1051,20,RL,8993,Pave,IR1,Lvl,Inside,Gtl,Gilbert,Norm,Norm,1Fam,1Story,7,5,2007,2007,Gable,VinylSd,VinylSd,None,0.0,Gd,TA,PConc,0,0,1302,1302,Ex,Y,SBrkr,1302,0,0,1302,0,0,2,0,3,1,Gd,6,Typ,0,2,436,Y,0,22,0,0,0,0,0,8,2007,New,Partial,176485
1016,60,RL,8400,Pave,Reg,Lvl,Inside,Gtl,NWAmes,Norm,Norm,1Fam,2Story,8,6,2001,2001,Gable,VinylSd,VinylSd,None,0.0,Gd,TA,PConc,643,0,167,810,Ex,Y,SBrkr,810,855,0,1665,1,0,2,1,3,1,Gd,6,Typ,0,2,528,Y,0,45,0,0,0,0,0,11,2009,WD,Normal,227000
1007,20,RL,12155,Pave,IR3,Lvl,Inside,Gtl,NAmes,PosN,Norm,1Fam,1Story,6,3,1970,1970,Gable,Plywood,Plywood,None,0.0,TA,TA,CBlock,1237,0,420,1657,Gd,Y,SBrkr,1657,0,0,1657,0,1,2,0,3,1,TA,7,Typ,1,2,484,Y,0,0,0,0,147,0,0,3,2007,WD,Normal,163500
739,90,RL,10800,Pave,Reg,Lvl,Inside,Gtl,Edwards,Norm,Norm,Duplex,1Story,5,5,1987,1988,Gable,Plywood,Plywood,None,0.0,TA,TA,CBlock,1200,0,0,1200,TA,Y,SBrkr,1200,0,0,1200,3,0,3,0,3,1,TA,5,Typ,0,0,0,Y,120,0,0,0,0,0,0,3,2009,WD,Alloca,179000
239,20,RL,12030,Pave,Reg,Lvl,Inside,Gtl,NridgHt,Norm,Norm,1Fam,1Story,8,5,2007,2007,Hip,VinylSd,VinylSd,BrkFace,254.0,Ex,TA,PConc,0,0,1694,1694,Ex,Y,SBrkr,1694,0,0,1694,0,0,2,0,3,1,Gd,7,Typ,0,3,818,Y,168,228,0,0,0,0,0,12,2007,New,Partial,318000
158,60,RL,12003,Pave,Reg,Lvl,Corner,Gtl,Timber,Norm,Norm,1Fam,2Story,8,5,2009,2010,Gable,VinylSd,VinylSd,BrkFace,84.0,Gd,TA,PConc,0,0,774,774,Ex,Y,SBrkr,774,1194,0,1968,0,0,2,1,4,1,Ex,8,Typ,1,3,680,Y,0,75,0,0,0,0,0,5,2010,New,Partial,269500
134,20,RL,6853,Pave,IR1,Lvl,Inside,Gtl,Timber,Norm,Norm,1Fam,1Story,8,5,2001,2002,Gable,VinylSd,VinylSd,BrkFace,136.0,Gd,TA,PConc,1005,0,262,1267,Ex,Y,SBrkr,1296,0,0,1296,1,0,2,0,2,1,Gd,6,Typ,0,2,471,Y,192,25,0,0,0,0,0,6,2009,WD,Normal,220000
66,60,RL,9591,Pave,Reg,Lvl,Inside,Gtl,NridgHt,Norm,Norm,1Fam,2Story,8,5,2004,2005,Gable,VinylSd,VinylSd,BrkFace,344.0,Gd,TA,PConc,0,0,1143,1143,Ex,Y,SBrkr,1143,1330,0,2473,0,0,2,1,4,1,Gd,9,Typ,1,3,852,Y,192,151,0,0,0,0,0,10,2007,WD,Normal,317000
1310,20,RL,7153,Pave,Reg,Lvl,Inside,Gtl,SawyerW,Norm,Norm,1Fam,1Story,6,5,1991,1991,Gable,HdBoard,HdBoard,BrkFace,88.0,TA,TA,CBlock,1200,0,78,1278,Gd,Y,SBrkr,1294,0,0,1294,1,0,2,0,3,1,Gd,6,Typ,0,2,496,Y,112,51,0,0,0,0,0,6,2008,WD,Normal,179200
383,60,RL,9245,Pave,IR1,Lvl,Inside,Gtl,CollgCr,Norm,Norm,1Fam,2Story,7,5,2006,2006,Gable,VinylSd,VinylSd,None,0.0,Gd,TA,PConc,0,0,939,939,Ex,Y,SBrkr,939,858,0,1797,0,0,2,1,3,1,Gd,8,Typ,0,2,639,Y,144,53,0,0,0,0,0,4,2007,WD,Normal,213500
1366,60,FV,7500,Pave,Reg,Lvl,Inside,Gtl,Somerst,Norm,Norm,1Fam,2Story,7,5,2000,2000,Gable,VinylSd,VinylSd,None,0.0,Gd,TA,PConc,533,0,281,814,Ex,Y,SBrkr,814,860,0,1674,1,0,2,1,3,1,Gd,7,Typ,0,2,663,Y,0,96,0,0,0,0,0,1,2010,WD,Normal,216000
1052,20,RL,11175,Pave,IR1,Lvl,Corner,Gtl,CollgCr,Norm,Norm,1Fam,1Story,7,5,2007,2007,Gable,VinylSd,VinylSd,None,0.0,Gd,TA,PConc,0,0,1316,1316,Ex,Y,SBrkr,1316,0,0,1316,0,0,2,0,3,1,Gd,6,Typ,1,2,440,Y,0,20,0,0,0,0,0,10,2007,New,Partial,200141
641,120,RL,12677,Pave,IR1,Lvl,Inside,Gtl,NridgHt,Norm,Norm,TwnhsE,1Story,8,5,2003,2004,Hip,MetalSd,MetalSd,BrkFace,472.0,Ex,TA,PConc,1218,0,300,1518,Ex,Y,SBrkr,1518,0,0,1518,0,0,1,1,1,1,Ex,6,Typ,1,2,588,Y,185,140,0,0,0,0,0,4,2008,WD,Normal,274000
1360,20,RL,16737,Pave,Reg,Lvl,FR3,Gtl,NridgHt,Norm,Norm,1Fam,1Story,9,5,2004,2005,Hip,VinylSd,VinylSd,BrkFace,66.0,Gd,TA,PConc,1447,0,533,1980,Ex,Y,SBrkr,1980,0,0,1980,1,0,2,0,3,1,Ex,8,Typ,1,3,770,Y,194,45,0,0,0,0,0,9,2006,WD,Normal,315000
1361,70,RL,9842,Pave,Reg,Lvl,Inside,Gtl,SWISU,Feedr,Norm,1Fam,2Story,5,6,1921,1998,Gable,MetalSd,Wd Sdng,None,0.0,TA,TA,BrkTil,0,0,612,612,Ex,Y,SBrkr,990,1611,0,2601,0,0,3,1,4,1,TA,8,Typ,0,2,621,Y,183,0,301,0,0,0,0,5,2008,WD,Normal,189000
1254,60,RL,17542,Pave,IR1,Lvl,Inside,Gtl,Veenker,Norm,Norm,1Fam,2Story,7,7,1974,2003,Gable,Wd Sdng,Wd Sdng,None,0.0,Gd,TA,CBlock,125,1031,36,1192,TA,Y,SBrkr,1516,651,0,2167,1,0,2,1,3,1,Gd,9,Typ,2,2,518,Y,220,47,0,0,0,0,0,7,2007,WD,Normal,294000
535,60,RL,9056,Pave,IR1,Lvl,Inside,Gtl,Gilbert,Norm,Norm,1Fam,2Story,8,5,2004,2004,Gable,VinylSd,VinylSd,None,0.0,Gd,TA,PConc,0,0,707,707,Ex,Y,SBrkr,707,707,0,1414,0,0,2,1,3,1,Gd,6,Typ,1,2,403,Y,100,35,0,0,0,0,0,10,2006,WD,Normal,178000
1055,60,RL,11367,Pave,Reg,Lvl,Corner,Gtl,CollgCr,Norm,Norm,1Fam,2Story,8,5,2002,2002,Gable,VinylSd,VinylSd,BrkFace,210.0,Gd,TA,PConc,932,0,133,1065,Ex,Y,SBrkr,1091,898,0,1989,1,0,2,1,3,1,Gd,7,Typ,1,2,586,Y,199,60,0,0,0,0,0,11,2006,WD,Normal,255000
1304,20,RL,8688,Pave,Reg,Lvl,Inside,Gtl,Somerst,Norm,Norm,1Fam,1Story,7,5,2005,2005,Gable,VinylSd,VinylSd,BrkFace,228.0,Gd,TA,PConc,0,0,1616,1616,Ex,Y,SBrkr,1616,0,0,1616,0,0,2,0,3,1,Gd,7,Typ,0,3,834,Y,208,59,0,0,0,0,0,4,2006,WD,Normal,232000
1311,20,RL,17500,Pave,Reg,Lvl,Inside,Gtl,Crawfor,PosA,Norm,1Fam,1Story,7,8,1959,2002,Gable,BrkFace,HdBoard,None,0.0,Gd,Gd,PConc,1406,0,496,1902,TA,Y,SBrkr,1902,0,0,1902,1,0,2,0,3,1,Ex,7,Typ,2,2,567,Y,0,207,162,0,0,0,0,5,2010,WD,Normal,335000
1285,50,RL,9638,Pave,Reg,Lvl,Inside,Gtl,SWISU,Feedr,Norm,1Fam,1.5Fin,6,7,1919,1990,Gable,Wd Sdng,Wd Shng,None,0.0,TA,TA,PConc,0,0,804,804,Ex,Y,SBrkr,1699,748,0,2447,0,0,2,0,4,1,Gd,10,Min2,1,1,336,Y,272,0,42,0,116,0,0,3,2010,WD,Normal,169000
1134,60,RL,9828,Pave,IR1,Lvl,Inside,Gtl,SawyerW,Norm,Norm,1Fam,2Story,8,5,1995,1995,Gable,VinylSd,VinylSd,None,0.0,Gd,TA,PConc,584,0,544,1128,Ex,Y,SBrkr,1142,878,0,2020,0,0,2,1,3,1,Gd,8,Typ,1,2,466,Y,0,155,0,0,0,0,0,6,2009,WD,Normal,239500
541,20,RL,14601,Pave,Reg,Lvl,Inside,Gtl,Timber,Norm,Norm,1Fam,1Story,9,5,2006,2006,Hip,VinylSd,VinylSd,BrkFace,584.0,Ex,TA,PConc,1260,0,578,1838,Ex,Y,SBrkr,1838,0,0,1838,1,0,2,0,2,1,Ex,8,Typ,1,3,765,Y,270,68,0,0,0,0,0,3,2009,WD,Normal,315000
733,60,RL,11404,Pave,IR1,Lvl,Inside,Gtl,CollgCr,Norm,Norm,1Fam,2Story,7,5,1998,1999,Gable,VinylSd,VinylSd,BrkFace,202.0,Gd,TA,PConc,252,0,901,1153,Ex,Y,SBrkr,1153,878,0,2031,0,0,2,1,3,1,Gd,8,Typ,1,2,541,Y,192,84,0,0,0,0,0,7,2008,WD,Normal,222500
8,60,RL,10382,Pave,IR1,Lvl,Corner,Gtl,NWAmes,PosN,Norm,1Fam,2Story,7,6,1973,1973,Gable,HdBoard,HdBoard,Stone,240.0,TA,TA,CBlock,859,32,216,1107,Ex,Y,SBrkr,1107,983,0,2090,1,0,2,1,3,1,TA,7,Typ,2,2,484,Y,235,204,228,0,0,0,350,11,2009,WD,Normal,200000
511,20,RL,14559,Pave,Reg,Lvl,Inside,Gtl,NAmes,Norm,Norm,1Fam,1Story,5,7,1951,2000,Hip,Wd Sdng,Wd Sdng,BrkCmn,70.0,Gd,TA,CBlock,650,180,178,1008,Ex,Y,SBrkr,1363,0,0,1363,1,0,1,0,2,1,TA,6,Min1,2,1,288,Y,324,42,0,0,168,0,2000,6,2009,WD,Normal,164900
337,20,RL,14157,Pave,IR1,HLS,Corner,Gtl,StoneBr,Norm,Norm,1Fam,1Story,9,5,2005,2006,Hip,VinylSd,VinylSd,Stone,200.0,Gd,TA,PConc,1249,0,673,1922,Ex,Y,SBrkr,1922,0,0,1922,1,0,2,0,3,1,Gd,8,Typ,1,3,676,Y,178,51,0,0,0,0,0,7,2007,WD,Normal,377426
1218,20,FV,8640,Pave,Reg,Lvl,Inside,Gtl,Somerst,Norm,Norm,1Fam,1Story,8,5,2009,2009,Gable,CemntBd,CmentBd,Stone,72.0,Gd,TA,PConc,936,0,364,1300,Ex,Y,SBrkr,1314,0,0,1314,1,0,2,0,3,1,Gd,6,Typ,0,2,552,Y,135,112,0,0,0,0,0,9,2009,New,Partial,229456
907,20,RL,13501,Pave,IR1,Lvl,Corner,Gtl,Somerst,Norm,Norm,1Fam,1Story,8,5,2006,2006,Gable,VinylSd,VinylSd,Stone,208.0,Gd,TA,PConc,63,0,1560,1623,Ex,Y,SBrkr,1636,0,0,1636,1,0,2,0,3,1,Gd,8,Typ,1,3,865,Y,0,60,0,0,0,0,0,6,2007,WD,Normal,255000
624,160,FV,2117,Pave,Reg,Lvl,Inside,Gtl,Somerst,Norm,Norm,TwnhsE,2Story,6,5,2000,2000,Gable,MetalSd,MetalSd,BrkFace,513.0,Gd,TA,PConc,420,0,336,756,Ex,Y,SBrkr,756,756,0,1512,0,0,2,1,2,1,Gd,4,Typ,1,2,440,Y,0,32,0,0,0,0,0,6,2007,WD,Normal,168500
385,60,RL,53107,Pave,IR2,Low,Corner,Mod,ClearCr,Feedr,Norm,1Fam,2Story,6,5,1992,1992,Gable,HdBoard,HdBoard,None,0.0,Gd,TA,PConc,985,0,595,1580,Ex,Y,SBrkr,1079,874,0,1953,1,0,2,1,3,1,Gd,9,Typ,2,2,501,Y,216,231,0,0,0,0,0,6,2007,WD,Normal,240000
1406,120,RM,3842,Pave,IR1,HLS,Inside,Mod,Crawfor,Norm,Norm,TwnhsE,1Story,8,5,2004,2005,Hip,CemntBd,CmentBd,Stone,174.0,Gd,TA,PConc,1373,0,221,1594,Ex,Y,SBrkr,1646,0,0,1646,1,1,2,0,2,1,Gd,5,Typ,1,2,482,Y,128,53,0,0,155,0,0,1,2008,WD,Normal,275000
421,90,RM,7060,Pave,Reg,Lvl,Inside,Gtl,Mitchel,Norm,Norm,Duplex,SFoyer,7,5,1997,1998,Gable,VinylSd,VinylSd,BrkFace,200.0,TA,Gd,PConc,1309,0,35,1344,Ex,Y,SBrkr,1344,0,0,1344,2,0,2,0,2,2,TA,8,Typ,0,4,784,Y,0,0,0,0,0,0,0,11,2008,WD,Alloca,206300
788,60,RL,10142,Pave,IR1,Lvl,Inside,Gtl,SawyerW,Norm,Norm,1Fam,2Story,7,5,2004,2004,Gable,VinylSd,VinylSd,None,0.0,Gd,TA,PConc,656,0,300,956,Ex,Y,SBrkr,956,1128,0,2084,1,0,2,1,4,1,Gd,8,Typ,0,2,618,Y,0,45,0,0,0,0,0,1,2010,WD,Normal,233000
352,120,RL,5271,Pave,IR1,Low,Inside,Mod,ClearCr,Norm,Norm,1Fam,1Story,7,5,1986,1986,Gable,Wd Sdng,Wd Sdng,None,0.0,TA,TA,PConc,1082,0,371,1453,Gd,Y,SBrkr,1453,0,0,1453,1,0,1,1,2,1,Gd,6,Typ,1,2,445,Y,0,80,0,0,184,0,0,12,2006,WD,Abnorml,190000
606,60,RL,13600,Pave,Reg,Lvl,Inside,Gtl,NAmes,Norm,Norm,1Fam,2Story,7,6,1965,1990,Gable,HdBoard,HdBoard,BrkFace,176.0,TA,TA,CBlock,454,0,314,768,TA,Y,SBrkr,1186,800,0,1986,0,0,2,1,3,1,TA,7,Typ,3,2,486,Y,0,42,0,0,189,0,0,10,2009,WD,Normal,205000
853,75,RL,7128,Pave,Reg,Lvl,Inside,Gtl,Crawfor,Norm,Norm,1Fam,2.5Unf,7,5,1941,1950,Gable,MetalSd,MetalSd,None,0.0,TA,Gd,CBlock,364,0,554,918,Gd,Y,SBrkr,918,728,0,1646,0,0,2,0,4,1,TA,7,Typ,2,1,240,Y,0,0,0,0,126,0,0,8,2007,WD,Normal,164000
481,20,RL,16033,Pave,IR1,Lvl,FR2,Gtl,NridgHt,Norm,Norm,1Fam,1Story,9,5,2004,2005,Hip,VinylSd,VinylSd,BrkFace,378.0,Gd,TA,PConc,1261,0,572,1833,Ex,Y,SBrkr,1850,0,0,1850,1,0,2,0,3,1,Gd,8,Typ,1,3,772,Y,519,112,0,0,0,0,0,3,2006,WD,Normal,326000
1370,20,RL,10635,Pave,IR2,Lvl,FR2,Gtl,CollgCr,Norm,Norm,1Fam,1Story,8,5,2003,2003,Hip,VinylSd,VinylSd,BrkFace,171.0,Gd,TA,PConc,370,972,315,1657,Ex,Y,SBrkr,1668,0,0,1668,1,0,2,0,3,1,Gd,8,Typ,1,2,502,Y,0,262,0,0,0,0,0,5,2010,WD,Normal,232000
924,120,RL,8012,Pave,Reg,Lvl,Inside,Gtl,SawyerW,Norm,Norm,TwnhsE,1Story,6,5,1993,1994,Gable,Plywood,Plywood,None,0.0,Gd,TA,PConc,165,841,598,1604,Ex,Y,SBrkr,1617,0,0,1617,1,0,2,0,2,1,Gd,5,Typ,1,2,533,Y,0,69,0,0,0,0,0,7,2008,WD,Normal,193000
1106,60,RL,12256,Pave,IR1,Lvl,Corner,Gtl,NoRidge,Norm,Norm,1Fam,2Story,8,5,1994,1995,Gable,HdBoard,HdBoard,BrkFace,362.0,Gd,TA,PConc,1032,0,431,1463,Ex,Y,SBrkr,1500,1122,0,2622,1,0,2,1,3,1,Gd,9,Typ,2,2,712,Y,186,32,0,0,0,0,0,4,2010,WD,Normal,325000
662,60,RL,46589,Pave,IR2,Lvl,CulDSac,Gtl,NoRidge,Norm,Norm,1Fam,2Story,8,7,1994,2005,Hip,VinylSd,VinylSd,BrkFace,528.0,Gd,TA,PConc,1361,180,88,1629,Ex,Y,SBrkr,1686,762,0,2448,1,0,2,1,4,1,Gd,8,Typ,1,3,711,Y,517,76,0,0,0,0,0,7,2009,WD,Normal,402000
919,60,RL,13125,Pave,IR1,Lvl,Corner,Gtl,SawyerW,Norm,Norm,1Fam,2Story,7,5,1991,1991,Gable,HdBoard,HdBoard,None,0.0,Gd,TA,PConc,48,634,422,1104,Ex,Y,SBrkr,912,1215,0,2127,1,0,2,1,4,1,Gd,8,Typ,1,3,833,Y,72,192,224,0,0,0,0,11,2007,WD,Normal,238000
574,80,RL,9967,Pave,IR1,Lvl,Inside,Gtl,Gilbert,Norm,Norm,1Fam,SLvl,7,5,2000,2000,Gable,VinylSd,VinylSd,None,0.0,TA,TA,PConc,0,0,384,384,Ex,Y,SBrkr,774,656,0,1430,0,0,2,1,3,1,TA,8,Typ,1,2,400,Y,100,0,0,0,0,0,0,12,2007,WD,Normal,170000
469,20,RL,11428,Pave,IR1,Lvl,Inside,Gtl,NridgHt,Norm,Norm,1Fam,1Story,8,5,2006,2006,Gable,VinylSd,VinylSd,Stone,248.0,Gd,TA,PConc,0,0,1626,1626,Ex,Y,SBrkr,1634,0,0,1634,0,0,2,0,3,1,Gd,7,Typ,1,3,866,Y,0,44,0,0,0,0,0,5,2007,WD,Normal,250000
198,75,RL,25419,Pave,Reg,Lvl,Corner,Gtl,NAmes,Artery,Norm,1Fam,2Story,8,4,1918,1990,Gable,Stucco,Stucco,None,0.0,Gd,Gd,PConc,1036,184,140,1360,Gd,Y,SBrkr,1360,1360,392,3112,1,1,2,0,4,1,Gd,8,Typ,1,2,795,Y,0,16,552,0,0,512,0,3,2006,WD,Abnorml,235000
170,20,RL,16669,Pave,IR1,Lvl,Corner,Gtl,Timber,Norm,Norm,1Fam,1Story,8,6,1981,1981,Hip,Plywood,Plywood,BrkFace,653.0,Gd,TA,CBlock,0,0,1686,1686,TA,Y,SBrkr,1707,0,0,1707,0,0,2,1,2,1,TA,6,Typ,1,2,511,Y,574,64,0,0,0,0,0,1,2006,WD,Normal,228000
643,80,RL,13860,Pave,Reg,Lvl,Inside,Gtl,NAmes,Norm,Norm,1Fam,SLvl,8,7,1972,1995,Gable,Plywood,Wd Sdng,None,0.0,Gd,TA,CBlock,1410,0,542,1952,Gd,Y,SBrkr,2000,704,0,2704,1,0,2,1,4,1,Ex,9,Typ,3,2,538,Y,269,111,0,0,0,0,0,7,2009,WD,Normal,345000
116,160,FV,3230,Pave,Reg,Lvl,Corner,Gtl,Somerst,Norm,Norm,TwnhsE,2Story,6,5,1999,1999,Gable,MetalSd,MetalSd,BrkFace,1129.0,TA,TA,PConc,419,0,310,729,Gd,Y,SBrkr,729,729,0,1458,0,0,2,1,2,1,TA,5,Typ,1,2,440,Y,0,32,0,0,0,0,0,6,2007,WD,Normal,176000
981,85,RL,12122,Pave,IR1,Lvl,Corner,Gtl,NAmes,Norm,Norm,1Fam,SFoyer,7,9,1961,2007,Gable,CemntBd,CmentBd,Stone,210.0,Ex,TA,CBlock,867,0,77,944,Gd,Y,SBrkr,999,0,0,999,1,0,1,0,3,1,Ex,6,Typ,0,2,588,Y,144,76,0,0,0,0,0,7,2008,WD,Normal,178400
806,20,RL,12274,Pave,IR1,Lvl,FR2,Gtl,Somerst,Norm,Norm,1Fam,1Story,7,5,2008,2008,Gable,VinylSd,VinylSd,Stone,256.0,Gd,TA,PConc,0,0,1417,1417,Ex,Y,SBrkr,1428,0,0,1428,0,0,2,0,3,1,Ex,6,Typ,0,2,554,Y,0,60,0,0,0,0,0,7,2008,New,Partial,227680
1003,20,RL,11957,Pave,IR1,Lvl,Inside,Gtl,Somerst,RRAn,Norm,1Fam,1Story,8,5,2006,2006,Gable,VinylSd,VinylSd,BrkFace,53.0,Gd,TA,PConc,24,0,1550,1574,Ex,Y,SBrkr,1574,0,0,1574,0,0,2,0,3,1,Gd,7,Typ,1,3,824,Y,144,104,0,0,0,0,0,7,2008,WD,Normal,232000
978,120,FV,4274,Pave,IR1,Lvl,Inside,Gtl,Somerst,Norm,Norm,TwnhsE,1Story,7,5,2006,2007,Gable,VinylSd,VinylSd,,,Gd,TA,PConc,1106,0,135,1241,Ex,Y,SBrkr,1241,0,0,1241,1,0,1,1,1,1,Gd,4,Typ,0,2,569,Y,0,116,0,0,0,0,0,11,2007,New,Partial,199900
230,120,RL,3182,Pave,Reg,Lvl,Inside,Gtl,Blmngtn,Norm,Norm,TwnhsE,1Story,7,5,2005,2006,Gable,VinylSd,VinylSd,BrkFace,16.0,Gd,TA,PConc,16,0,1357,1373,Ex,Y,SBrkr,1555,0,0,1555,0,0,2,0,2,1,Gd,7,Typ,1,2,430,Y,143,20,0,0,0,0,0,5,2009,WD,Normal,192500
305,75,RM,18386,Pave,Reg,Lvl,Inside,Gtl,OldTown,Norm,Norm,1Fam,2.5Fin,7,9,1880,2002,Gable,CemntBd,CmentBd,None,0.0,TA,TA,BrkTil,0,0,1470,1470,Ex,Y,SBrkr,1675,1818,0,3493,0,0,3,0,3,1,Gd,10,Typ,1,3,870,Y,302,0,0,0,0,0,0,5,2008,WD,Normal,295000
68,20,RL,10665,Pave,IR1,Lvl,Inside,Gtl,CollgCr,Norm,Norm,1Fam,1Story,7,5,2003,2003,Gable,VinylSd,VinylSd,BrkFace,167.0,Gd,TA,PConc,1013,0,440,1453,Ex,Y,SBrkr,1479,0,0,1479,1,0,2,0,3,1,Gd,7,Typ,0,2,558,Y,144,29,0,0,0,0,0,6,2007,WD,Normal,226000
1380,80,RL,9735,Pave,Reg,Lvl,Inside,Gtl,Timber,Norm,Norm,1Fam,SLvl,5,5,2006,2007,Gable,VinylSd,VinylSd,None,0.0,TA,TA,PConc,0,0,384,384,Gd,Y,,754,640,0,1394,0,0,2,1,3,1,Gd,7,Typ,0,2,400,Y,100,0,0,0,0,0,0,5,2008,WD,Normal,167500
1053,60,RL,9500,Pave,Reg,Lvl,Corner,Gtl,NAmes,Artery,Norm,1Fam,2Story,6,6,1964,1978,Gable,VinylSd,VinylSd,BrkCmn,272.0,TA,TA,CBlock,442,0,374,816,TA,Y,SBrkr,1127,850,0,1977,0,1,1,1,4,1,TA,9,Typ,1,2,540,Y,0,52,0,0,0,0,0,6,2007,WD,Normal,165000
427,80,RL,12800,Pave,Reg,Low,Inside,Mod,SawyerW,Norm,Norm,1Fam,SLvl,7,5,1989,1989,Gable,Wd Sdng,Wd Sdng,BrkFace,145.0,Gd,TA,PConc,1518,0,0,1518,Gd,Y,SBrkr,1644,0,0,1644,1,1,2,0,2,1,Gd,5,Typ,1,2,569,Y,80,0,0,0,396,0,0,8,2009,WD,Normal,275000
1009,20,RL,12118,Pave,IR1,Lvl,CulDSac,Gtl,Mitchel,Norm,Norm,1Fam,1Story,7,5,2004,2005,Hip,VinylSd,VinylSd,Stone,108.0,Gd,TA,PConc,0,0,1710,1710,Ex,Y,SBrkr,1710,0,0,1710,0,0,2,0,3,1,Gd,7,Typ,1,2,550,Y,100,48,0,0,180,0,0,4,2009,WD,Normal,240000
820,120,RL,6371,Pave,IR1,Lvl,Inside,Gtl,NridgHt,Norm,Norm,TwnhsE,1Story,7,5,2009,2010,Gable,VinylSd,VinylSd,Stone,128.0,Gd,TA,PConc,733,0,625,1358,Ex,Y,SBrkr,1358,0,0,1358,1,0,2,0,2,1,Gd,6,Typ,1,2,484,Y,192,35,0,0,0,0,0,6,2010,New,Partial,224000
1418,60,RL,16545,Pave,IR1,Lvl,Inside,Gtl,NoRidge,Norm,Norm,1Fam,2Story,8,5,1998,1998,Gable,VinylSd,VinylSd,BrkFace,731.0,Gd,TA,PConc,781,0,503,1284,Ex,Y,SBrkr,1310,1140,0,2450,1,0,2,1,3,1,Gd,7,Typ,1,3,1069,Y,0,126,0,0,0,0,0,5,2009,WD,Normal,340000
344,120,RL,8849,Pave,IR1,Lvl,Inside,Gtl,NridgHt,Norm,Norm,TwnhsE,1Story,9,5,2005,2005,Hip,MetalSd,MetalSd,BrkFace,616.0,Ex,TA,PConc,28,0,1656,1684,Ex,Y,SBrkr,1684,0,0,1684,0,0,2,0,2,1,Ex,6,Typ,1,2,564,Y,495,72,0,0,0,0,0,7,2008,WD,Normal,266000
1204,20,RL,9750,Pave,Reg,Lvl,Inside,Gtl,CollgCr,Norm,Norm,1Fam,1Story,7,5,2000,2001,Gable,VinylSd,VinylSd,BrkFace,171.0,Gd,TA,PConc,0,0,1630,1630,Ex,Y,SBrkr,1630,0,0,1630,0,0,2,0,3,1,Gd,6,Typ,1,2,451,Y,74,234,0,0,0,0,0,10,2009,WD,Normal,213000
852,120,RL,3196,Pave,Reg,Lvl,Inside,Gtl,Blmngtn,Norm,Norm,TwnhsE,1Story,8,5,2003,2003,Gable,VinylSd,VinylSd,BrkFace,40.0,Gd,TA,PConc,0,0,1273,1273,Ex,Y,SBrkr,1456,0,0,1456,0,0,2,0,2,1,Gd,7,Typ,1,2,400,Y,143,20,0,0,0,0,0,5,2006,WD,Normal,215000
1166,20,RL,9541,Pave,IR1,Lvl,Inside,Gtl,NridgHt,Norm,Norm,1Fam,1Story,7,5,2009,2009,Gable,VinylSd,VinylSd,Stone,268.0,Gd,TA,PConc,0,0,1502,1502,Ex,Y,SBrkr,1502,0,0,1502,0,0,2,0,3,1,Gd,7,Typ,0,2,644,Y,0,114,0,0,0,0,0,9,2009,New,Partial,233170
277,20,RL,9196,Pave,IR1,Lvl,Inside,Gtl,Mitchel,Norm,Norm,1Fam,1Story,7,5,2003,2003,Gable,VinylSd,VinylSd,None,0.0,Gd,TA,PConc,0,0,1560,1560,Ex,Y,SBrkr,1560,0,0,1560,0,0,2,0,3,1,Gd,7,Typ,0,2,573,Y,100,150,0,0,0,0,0,4,2010,WD,Normal,201000
70,50,RL,15593,Pave,Reg,Lvl,Corner,Gtl,ClearCr,Norm,Norm,1Fam,1.5Fin,7,4,1953,1953,Gable,BrkFace,AsbShng,None,0.0,Gd,TA,CBlock,603,0,701,1304,TA,Y,SBrkr,1304,983,0,2287,0,0,2,0,3,1,TA,7,Typ,1,2,667,Y,0,21,114,0,0,0,0,7,2006,WD,Normal,225000
1242,20,RL,9849,Pave,Reg,Lvl,Inside,Gtl,Somerst,Norm,Norm,1Fam,1Story,7,6,2007,2007,Hip,VinylSd,VinylSd,Stone,0.0,Gd,TA,PConc,0,0,1689,1689,Ex,Y,SBrkr,1689,0,0,1689,0,0,2,0,3,1,Gd,7,Typ,0,3,954,Y,0,56,0,0,0,0,0,6,2007,New,Partial,248328
603,60,RL,10041,Pave,IR1,Lvl,Inside,Gtl,SawyerW,Norm,Norm,1Fam,2Story,8,5,1992,1992,Gable,HdBoard,HdBoard,None,0.0,Gd,TA,PConc,789,0,119,908,Ex,Y,SBrkr,927,988,0,1915,1,0,2,1,3,1,Gd,8,Typ,1,2,506,Y,120,150,0,0,0,0,0,2,2006,WD,Abnorml,220000
28,20,RL,11478,Pave,Reg,Lvl,Inside,Gtl,NridgHt,Norm,Norm,1Fam,1Story,8,5,2007,2008,Gable,VinylSd,VinylSd,Stone,200.0,Gd,TA,PConc,1218,0,486,1704,Ex,Y,SBrkr,1704,0,0,1704,1,0,2,0,3,1,Gd,7,Typ,1,3,772,Y,0,50,0,0,0,0,0,5,2010,WD,Normal,306000
993,60,RL,9760,Pave,Reg,Lvl,Inside,Mod,NAmes,Norm,Norm,1Fam,2Story,6,8,1964,1993,Hip,Wd Sdng,Wd Sdng,BrkFace,340.0,TA,TA,CBlock,536,117,169,822,Gd,Y,SBrkr,1020,831,0,1851,0,0,2,1,3,1,Gd,7,Typ,1,2,440,Y,239,42,0,0,0,0,0,7,2007,WD,Normal,187000
1173,160,FV,4017,Pave,IR1,Lvl,Inside,Gtl,Somerst,Norm,Norm,TwnhsE,2Story,7,5,2006,2007,Gable,MetalSd,MetalSd,None,0.0,Gd,TA,PConc,0,0,625,625,Ex,Y,SBrkr,625,625,0,1250,0,0,2,1,2,1,Gd,5,Typ,0,2,625,Y,0,54,0,0,0,0,0,3,2008,WD,Normal,171900
1331,20,RL,10000,Pave,Reg,Lvl,Inside,Gtl,Somerst,Norm,Norm,1Fam,1Story,8,5,2006,2006,Hip,VinylSd,VinylSd,Stone,410.0,Gd,TA,PConc,0,0,1588,1588,Ex,Y,SBrkr,1588,0,0,1588,0,0,2,0,3,1,Gd,7,Typ,1,3,825,Y,144,45,0,0,0,0,0,12,2007,WD,Normal,227000
826,20,RL,14803,Pave,Reg,Lvl,Inside,Gtl,NridgHt,PosN,PosN,1Fam,1Story,10,5,2007,2008,Hip,CemntBd,CmentBd,BrkFace,816.0,Ex,TA,PConc,1636,0,442,2078,Ex,Y,SBrkr,2084,0,0,2084,1,0,2,0,2,1,Ex,7,Typ,1,3,1220,Y,188,45,0,0,0,0,0,6,2008,New,Partial,385000
286,160,FV,4251,Pave,IR1,Lvl,Inside,Gtl,Somerst,Norm,Norm,TwnhsE,2Story,7,5,2006,2007,Gable,MetalSd,MetalSd,None,0.0,Gd,TA,PConc,0,0,625,625,Ex,Y,SBrkr,625,625,0,1250,0,0,2,1,2,1,Gd,5,Typ,0,2,528,Y,0,54,0,0,0,0,0,6,2007,New,Partial,164700
925,20,RL,10240,Pave,Reg,Lvl,Inside,Gtl,NWAmes,Norm,Norm,1Fam,1Story,6,6,1980,1980,Gable,Plywood,Plywood,BrkFace,157.0,TA,Gd,CBlock,625,1061,0,1686,TA,Y,SBrkr,1686,0,0,1686,1,0,2,0,3,1,TA,7,Typ,1,2,612,Y,384,131,0,0,0,0,0,5,2006,WD,Normal,207500
1330,60,RL,9084,Pave,IR1,Lvl,Inside,Gtl,Gilbert,Norm,Norm,1Fam,2Story,7,5,1998,1998,Hip,VinylSd,VinylSd,None,0.0,TA,TA,PConc,0,0,935,935,Gd,Y,SBrkr,955,677,0,1632,0,0,2,1,3,1,TA,8,Typ,1,2,462,Y,0,28,0,0,0,0,0,6,2006,WD,Normal,176500
1162,20,RL,14778,Pave,IR1,Low,CulDSac,Gtl,Crawfor,PosN,Norm,1Fam,1Story,6,7,1954,2006,Hip,HdBoard,HdBoard,BrkFace,72.0,Gd,TA,CBlock,728,0,568,1296,Ex,Y,SBrkr,1640,0,0,1640,1,0,1,0,3,1,Gd,7,Typ,1,2,924,Y,108,0,0,216,0,0,0,11,2008,WD,Normal,224000
1421,60,RL,11700,Pave,Reg,Lvl,Corner,Gtl,NWAmes,Norm,Norm,1Fam,2Story,6,6,1968,1968,Gable,HdBoard,HdBoard,BrkFace,420.0,TA,TA,CBlock,404,0,304,708,Gd,Y,SBrkr,708,708,0,1416,0,0,2,1,3,1,TA,7,Typ,1,2,776,Y,0,169,0,0,119,0,0,5,2006,WD,Normal,179900
870,60,RL,9938,Pave,Reg,Lvl,Inside,Gtl,SawyerW,Norm,Norm,1Fam,2Story,7,5,1993,1994,Gable,MetalSd,MetalSd,BrkFace,246.0,Gd,TA,PConc,750,0,300,1050,Ex,Y,SBrkr,1062,887,0,1949,1,0,2,1,3,1,Gd,8,Typ,1,2,574,Y,156,90,0,0,0,0,0,6,2010,WD,Normal,236000
927,60,RL,11999,Pave,Reg,Lvl,Inside,Gtl,NridgHt,Norm,Norm,1Fam,2Story,8,5,2003,2004,Hip,VinylSd,VinylSd,BrkFace,340.0,Gd,TA,PConc,0,0,1181,1181,Ex,Y,SBrkr,1234,1140,0,2374,0,0,2,1,4,1,Ex,10,Typ,1,3,656,Y,104,100,0,0,0,0,0,5,2007,WD,Normal,285000
974,20,FV,11639,Pave,Reg,Lvl,Corner,Gtl,Somerst,Norm,Norm,1Fam,1Story,7,5,2007,2008,Gable,CemntBd,CmentBd,,,Gd,TA,PConc,0,0,1428,1428,Ex,Y,SBrkr,1428,0,0,1428,0,0,2,0,3,1,Gd,6,Typ,0,2,480,Y,0,120,0,0,0,0,0,12,2008,New,Partial,182000
136,20,RL,10400,Pave,Reg,Lvl,Inside,Gtl,NWAmes,Norm,Norm,1Fam,1Story,7,6,1970,1970,Hip,Plywood,Plywood,BrkFace,288.0,TA,TA,PConc,0,0,1304,1304,Gd,Y,SBrkr,1682,0,0,1682,0,0,2,0,3,1,TA,7,Typ,1,2,530,Y,98,0,0,0,0,0,0,5,2008,WD,Normal,174000
1197,60,RL,14054,Pave,IR1,Lvl,Inside,Gtl,Gilbert,Norm,Norm,1Fam,2Story,7,5,2006,2006,Gable,VinylSd,VinylSd,None,0.0,Gd,TA,PConc,0,0,879,879,Ex,Y,SBrkr,879,984,0,1863,0,0,2,1,4,1,Gd,9,Typ,1,3,660,Y,100,17,0,0,0,0,0,11,2006,New,Partial,219210
132,60,RL,12224,Pave,IR1,Lvl,Corner,Gtl,Gilbert,Norm,Norm,1Fam,2Story,6,5,2000,2000,Gable,VinylSd,VinylSd,BrkFace,40.0,Gd,TA,PConc,695,0,297,992,Ex,Y,SBrkr,1022,1032,0,2054,1,0,2,1,3,1,Gd,7,Typ,1,2,390,Y,24,48,0,0,0,0,0,7,2009,WD,Normal,244000
1271,40,RL,23595,Pave,Reg,Low,Inside,Sev,ClearCr,Norm,Norm,1Fam,1Story,7,6,1979,1979,Shed,Plywood,Plywood,None,0.0,Gd,TA,PConc,1258,0,74,1332,TA,Y,SBrkr,1332,192,0,1524,2,0,0,1,0,1,Gd,4,Typ,1,2,586,Y,268,0,0,0,0,0,0,4,2010,WD,Normal,260000
1414,20,RL,10994,Pave,IR1,Lvl,Corner,Gtl,SawyerW,Norm,Norm,1Fam,1Story,8,5,2005,2006,Gable,VinylSd,VinylSd,Stone,366.0,Gd,TA,PConc,976,0,868,1844,Ex,Y,SBrkr,1844,0,0,1844,1,0,2,0,2,1,Gd,7,Typ,1,2,620,Y,165,44,0,0,0,0,0,9,2009,COD,Abnorml,257000
651,60,FV,8125,Pave,Reg,Lvl,Inside,Gtl,Somerst,Norm,Norm,1Fam,2Story,7,6,2007,2007,Gable,CemntBd,CmentBd,,,Gd,TA,PConc,0,0,813,813,Ex,Y,SBrkr,822,843,0,1665,0,0,2,1,3,1,Gd,7,Typ,0,2,562,Y,0,0,0,0,0,0,0,5,2008,WD,Normal,205950
770,60,RL,53504,Pave,IR2,HLS,CulDSac,Mod,StoneBr,Norm,Norm,1Fam,2Story,8,5,2003,2003,Hip,CemntBd,Wd Shng,BrkFace,603.0,Ex,TA,PConc,1416,0,234,1650,Ex,Y,SBrkr,1690,1589,0,3279,1,0,3,1,4,1,Ex,12,Mod,1,3,841,Y,503,36,0,0,210,0,0,6,2010,WD,Normal,538000
310,20,RL,12378,Pave,IR1,Lvl,Inside,Gtl,NridgHt,Norm,Norm,1Fam,1Story,9,5,2003,2004,Gable,VinylSd,VinylSd,None,0.0,Gd,TA,PConc,1274,0,622,1896,Ex,Y,SBrkr,1944,0,0,1944,1,0,2,0,3,1,Ex,8,Typ,3,3,708,Y,208,175,0,0,0,0,0,11,2006,WD,Normal,360000
1206,20,RL,14684,Pave,IR1,Lvl,CulDSac,Gtl,SawyerW,Norm,Norm,1Fam,1Story,7,7,1990,1991,Hip,HdBoard,HdBoard,BrkFace,234.0,Gd,TA,CBlock,485,177,1496,2158,Gd,Y,SBrkr,2196,0,0,2196,0,0,2,0,3,1,Gd,7,Typ,1,3,701,Y,84,70,0,0,0,0,0,6,2009,WD,Normal,271900
1389,20,RL,14892,Pave,IR1,HLS,CulDSac,Gtl,Gilbert,Norm,Norm,1Fam,1Story,9,5,2006,2007,Gable,VinylSd,VinylSd,Stone,160.0,Ex,TA,PConc,1320,0,426,1746,Ex,Y,SBrkr,1746,0,0,1746,1,0,2,0,3,1,Ex,7,Typ,2,3,758,Y,201,39,0,0,0,0,0,10,2009,WD,Normal,377500
1339,60,RL,13450,Pave,IR1,Lvl,Corner,Gtl,CollgCr,Norm,Norm,1Fam,2Story,7,5,2002,2002,Gable,VinylSd,VinylSd,None,0.0,Gd,TA,PConc,700,0,216,916,Ex,Y,SBrkr,920,941,0,1861,1,0,2,1,3,1,Gd,8,Typ,0,2,492,Y,146,91,0,0,0,0,0,6,2006,WD,Normal,200000
988,20,RL,10159,Pave,IR1,Lvl,Inside,Gtl,NridgHt,Norm,Norm,1Fam,1Story,9,5,2009,2010,Hip,VinylSd,VinylSd,Stone,450.0,Ex,TA,PConc,1646,0,284,1930,Ex,Y,SBrkr,1940,0,0,1940,1,0,2,1,3,1,Ex,8,Typ,1,3,606,Y,168,95,0,0,0,0,0,4,2010,New,Partial,395192
555,60,RL,10625,Pave,Reg,Lvl,Inside,Gtl,NridgHt,Norm,Norm,1Fam,2Story,7,5,2003,2004,Gable,VinylSd,VinylSd,BrkFace,292.0,Gd,TA,PConc,866,0,132,998,Ex,Y,SBrkr,1006,1040,0,2046,1,0,2,1,3,1,Gd,8,Typ,1,3,871,Y,320,62,0,0,0,0,0,8,2008,WD,Normal,284000
748,70,RM,11700,Pave,IR1,Lvl,Corner,Gtl,OldTown,Norm,Norm,1Fam,2Story,7,7,1880,2003,Mansard,Stucco,Stucco,None,0.0,Gd,TA,Stone,0,0,1240,1240,TA,N,SBrkr,1320,1320,0,2640,0,0,1,1,4,1,Gd,8,Typ,1,4,864,N,181,0,386,0,0,0,0,5,2009,WD,Normal,265979
1395,120,RL,4045,Pave,Reg,Lvl,Inside,Gtl,Blmngtn,Norm,Norm,TwnhsE,1Story,7,5,2006,2006,Hip,VinylSd,VinylSd,BrkFace,45.0,Gd,TA,PConc,1070,0,286,1356,Ex,Y,SBrkr,1500,0,0,1500,1,0,2,0,2,1,Gd,6,Typ,1,3,648,Y,161,20,0,0,0,0,0,10,2006,New,Partial,246578
291,60,RL,15611,Pave,Reg,Lvl,Inside,Gtl,CollgCr,Norm,Norm,1Fam,2Story,8,5,2006,2006,Gable,VinylSd,VinylSd,None,0.0,Gd,TA,PConc,0,0,1079,1079,Ex,Y,SBrkr,1079,840,0,1919,0,0,2,1,3,1,Gd,8,Typ,1,2,685,Y,0,51,0,0,0,0,0,7,2006,New,Partial,233230
1303,60,RL,10120,Pave,Reg,Lvl,Inside,Gtl,NoRidge,Norm,Norm,1Fam,2Story,8,5,1994,1994,Hip,VinylSd,VinylSd,BrkFace,391.0,Gd,TA,PConc,740,0,425,1165,Ex,Y,SBrkr,1203,1323,0,2526,1,0,2,1,4,1,Gd,8,Typ,1,3,844,Y,309,78,0,0,0,0,0,12,2006,WD,Normal,290000
272,20,RL,39104,Pave,IR1,Low,CulDSac,Sev,ClearCr,Norm,Norm,1Fam,1Story,7,7,1954,2005,Flat,Plywood,Plywood,None,0.0,TA,TA,CBlock,226,1063,96,1385,Ex,Y,SBrkr,1363,0,0,1363,1,0,1,0,2,1,TA,5,Mod,2,2,439,Y,81,0,0,0,0,0,0,4,2008,WD,Normal,241500
1415,50,RL,13053,Pave,Reg,Bnk,Inside,Gtl,BrkSide,Norm,Norm,1Fam,1.5Fin,6,7,1923,2000,Gambrel,Wd Sdng,Wd Sdng,None,0.0,TA,TA,BrkTil,0,0,833,833,Gd,Y,SBrkr,1053,795,0,1848,0,0,1,1,4,1,Gd,8,Typ,1,2,370,N,0,0,0,0,220,0,0,6,2008,WD,Normal,207000
416,20,RL,8899,Pave,IR1,Lvl,Inside,Gtl,Gilbert,Norm,Norm,1Fam,1Story,7,5,2007,2007,Gable,VinylSd,VinylSd,None,0.0,Gd,TA,PConc,24,0,1316,1340,Ex,Y,SBrkr,1340,0,0,1340,0,0,2,0,3,1,Gd,6,Typ,0,2,396,Y,100,30,0,0,0,0,0,8,2007,New,Partial,181134
709,60,RL,9018,Pave,IR1,Lvl,Inside,Gtl,Gilbert,Norm,Norm,1Fam,2Story,7,5,2007,2007,Hip,VinylSd,VinylSd,None,0.0,Gd,TA,PConc,0,0,728,728,Ex,Y,SBrkr,728,728,0,1456,0,0,2,1,3,1,Gd,8,Typ,1,2,400,Y,100,24,0,0,0,0,0,7,2007,New,Partial,179540
1245,70,RL,11435,Pave,IR1,HLS,Corner,Mod,Crawfor,Norm,Norm,1Fam,2Story,8,7,1929,1950,Gable,BrkFace,Stucco,None,0.0,TA,TA,PConc,0,0,792,792,Fa,Y,SBrkr,792,725,0,1517,0,0,1,0,3,1,Gd,7,Typ,2,2,400,Y,0,0,0,0,0,0,0,6,2006,WD,Normal,230000
586,20,RL,11443,Pave,Reg,Lvl,Inside,Gtl,Timber,Norm,Norm,1Fam,1Story,8,5,2005,2006,Hip,VinylSd,VinylSd,BrkFace,208.0,Gd,TA,PConc,1460,0,408,1868,Ex,Y,SBrkr,2028,0,0,2028,1,0,2,0,2,1,Gd,7,Typ,2,3,880,Y,326,66,0,0,0,0,0,3,2006,New,Partial,369900
323,60,RL,10380,Pave,IR1,Lvl,Inside,Gtl,SawyerW,Norm,Norm,1Fam,2Story,7,5,1986,1987,Gable,Plywood,Plywood,BrkFace,172.0,Gd,TA,CBlock,28,1474,0,1502,Ex,Y,SBrkr,1553,1177,0,2730,1,0,2,1,4,1,Gd,8,Typ,1,2,576,Y,201,96,0,0,0,0,0,8,2007,WD,Normal,301000
284,20,RL,9612,Pave,Reg,Lvl,Inside,Gtl,Somerst,Feedr,Norm,1Fam,1Story,8,5,2008,2009,Gable,VinylSd,VinylSd,Stone,72.0,Gd,TA,PConc,0,0,1468,1468,Ex,Y,SBrkr,1468,0,0,1468,0,0,2,0,3,1,Gd,6,Typ,1,3,898,Y,210,150,0,0,0,0,0,12,2009,New,Partial,244600
794,20,RL,9158,Pave,Reg,Lvl,Inside,Gtl,Somerst,Norm,Norm,1Fam,1Story,8,5,2007,2007,Gable,CemntBd,CmentBd,Stone,140.0,Gd,TA,PConc,0,0,1496,1496,Ex,Y,SBrkr,1496,0,0,1496,0,0,2,0,3,1,Gd,7,Typ,0,2,474,Y,168,130,0,0,0,0,0,6,2007,New,Partial,225000
379,20,RL,11394,Pave,Reg,Lvl,Corner,Gtl,StoneBr,Norm,Norm,1Fam,1Story,9,2,2010,2010,Hip,VinylSd,VinylSd,Stone,350.0,Gd,TA,PConc,1445,0,411,1856,Ex,Y,SBrkr,1856,0,0,1856,1,0,1,1,1,1,Ex,8,Typ,1,3,834,Y,113,0,0,0,0,0,0,6,2010,New,Partial,394432
200,20,RL,9591,Pave,Reg,Lvl,Inside,Gtl,NridgHt,Norm,Norm,1Fam,1Story,8,5,2004,2005,Hip,VinylSd,VinylSd,BrkFace,262.0,Gd,TA,PConc,1088,0,625,1713,Ex,Y,SBrkr,1713,0,0,1713,1,0,2,0,3,1,Ex,7,Typ,1,3,856,Y,0,26,0,0,170,0,0,1,2009,WD,Normal,274900
567,60,RL,11198,Pave,IR1,Lvl,Inside,Gtl,StoneBr,Norm,Norm,1Fam,2Story,9,5,2005,2007,Hip,VinylSd,VinylSd,BrkFace,245.0,Gd,TA,PConc,0,0,1122,1122,Ex,Y,SBrkr,1134,1370,0,2504,0,0,2,1,4,1,Ex,11,Typ,1,3,656,Y,144,39,0,0,0,0,0,6,2008,WD,Normal,325000
115,70,RL,7259,Pave,IR1,Lvl,Inside,Mod,Crawfor,Norm,Norm,1Fam,2Story,6,8,1945,2002,Gambrel,Wd Sdng,Wd Sdng,None,0.0,TA,TA,CBlock,774,150,104,1028,Ex,Y,SBrkr,1436,884,0,2320,1,0,2,1,3,1,Gd,9,Typ,1,1,180,Y,224,0,0,0,0,0,0,7,2007,WD,Normal,259500
692,60,RL,21535,Pave,IR1,Lvl,Corner,Gtl,NoRidge,Norm,Norm,1Fam,2Story,10,6,1994,1995,Gable,HdBoard,HdBoard,BrkFace,1170.0,Ex,TA,PConc,1455,0,989,2444,Ex,Y,SBrkr,2444,1872,0,4316,0,1,3,1,4,1,Ex,10,Typ,2,3,832,Y,382,50,0,0,0,0,0,1,2007,WD,Normal,755000
314,20,RL,215245,Pave,IR3,Low,Inside,Sev,Timber,Norm,Norm,1Fam,1Story,7,5,1965,1965,Hip,BrkFace,BrkFace,None,0.0,TA,TA,CBlock,1236,820,80,2136,TA,Y,SBrkr,2036,0,0,2036,2,0,2,0,3,1,TA,8,Typ,2,2,513,Y,0,0,0,0,0,0,0,6,2009,WD,Normal,375000
1427,60,RL,10944,Pave,IR1,Lvl,Inside,Gtl,NoRidge,Norm,Norm,1Fam,2Story,7,5,1994,1994,Gable,VinylSd,VinylSd,BrkFace,448.0,Gd,TA,PConc,1000,0,223,1223,Ex,Y,SBrkr,1223,904,0,2127,1,0,2,1,3,1,Gd,5,Typ,2,2,525,Y,171,132,0,0,0,0,0,8,2008,WD,Normal,271000
1025,20,RL,15498,Pave,IR1,Lvl,Corner,Gtl,Timber,Norm,Norm,1Fam,1Story,8,6,1976,1976,Hip,Stone,HdBoard,None,0.0,Gd,TA,CBlock,1165,400,0,1565,TA,Y,SBrkr,2898,0,0,2898,1,0,2,0,2,1,Gd,10,Typ,1,2,665,Y,0,72,174,0,0,0,0,5,2008,COD,Abnorml,287000
35,120,RL,7313,Pave,Reg,Lvl,Inside,Gtl,NridgHt,Norm,Norm,TwnhsE,1Story,9,5,2005,2005,Hip,MetalSd,MetalSd,BrkFace,246.0,Ex,TA,PConc,1153,0,408,1561,Ex,Y,SBrkr,1561,0,0,1561,1,0,2,0,2,1,Ex,6,Typ,1,2,556,Y,203,47,0,0,0,0,0,8,2007,WD,Normal,277500
225,20,RL,13472,Pave,Reg,Lvl,Inside,Gtl,NridgHt,Norm,Norm,1Fam,1Story,10,5,2003,2003,Hip,VinylSd,VinylSd,BrkFace,922.0,Ex,TA,PConc,56,0,2336,2392,Ex,Y,SBrkr,2392,0,0,2392,0,0,2,0,3,1,Ex,8,Typ,1,3,968,Y,248,105,0,0,0,0,0,6,2009,WD,Normal,386250
908,50,RL,11500,Pave,IR1,Lvl,Inside,Gtl,Crawfor,Norm,Norm,1Fam,1.5Fin,7,7,1936,1987,Gable,BrkFace,BrkFace,None,0.0,Gd,TA,CBlock,223,0,794,1017,Gd,Y,SBrkr,1020,1037,0,2057,0,0,1,1,3,1,Gd,6,Typ,1,1,180,Y,0,0,0,0,322,0,0,6,2006,WD,Normal,250000
1347,20,RL,20781,Pave,IR2,Lvl,CulDSac,Gtl,NWAmes,PosN,Norm,1Fam,1Story,7,7,1968,2003,Hip,BrkFace,HdBoard,None,0.0,TA,TA,CBlock,297,68,1203,1568,TA,Y,SBrkr,2156,0,0,2156,0,0,2,0,3,1,TA,9,Typ,1,2,508,Y,0,80,0,290,0,0,0,6,2006,WD,Normal,262500
560,120,RL,3196,Pave,Reg,Lvl,Inside,Gtl,Blmngtn,Norm,Norm,TwnhsE,1Story,7,5,2003,2004,Gable,VinylSd,VinylSd,BrkFace,18.0,Gd,TA,PConc,0,0,1374,1374,Ex,Y,SBrkr,1557,0,0,1557,0,0,2,0,2,1,Gd,7,Typ,1,2,420,Y,143,20,0,0,0,0,0,10,2006,WD,Normal,234000
721,120,RL,6563,Pave,IR1,Low,CulDSac,Mod,StoneBr,Norm,Norm,1Fam,1Story,8,5,1985,1985,Gable,HdBoard,HdBoard,None,0.0,Gd,TA,PConc,1148,0,594,1742,TA,Y,SBrkr,1742,0,0,1742,1,0,2,0,2,1,Gd,5,Typ,1,2,564,Y,114,28,234,0,0,0,0,12,2006,WD,Normal,275000
48,20,FV,11096,Pave,Reg,Lvl,Inside,Gtl,Somerst,Norm,Norm,1Fam,1Story,8,5,2006,2006,Gable,VinylSd,VinylSd,None,0.0,Gd,TA,PConc,24,0,1632,1656,Ex,Y,SBrkr,1656,0,0,1656,0,0,2,0,3,1,Gd,7,Typ,0,3,826,Y,0,146,0,0,0,0,0,7,2007,WD,Normal,249700
753,20,RL,9236,Pave,IR1,Lvl,Inside,Gtl,CollgCr,Norm,Norm,1Fam,1Story,6,5,1997,1997,Gable,VinylSd,VinylSd,None,0.0,TA,Gd,PConc,1200,0,279,1479,Ex,Y,SBrkr,1494,0,0,1494,1,0,2,0,3,1,Gd,6,Typ,0,2,576,Y,168,27,0,0,0,0,0,7,2006,WD,Normal,217000
811,20,RL,10140,Pave,Reg,Lvl,Inside,Gtl,NWAmes,Norm,Norm,1Fam,1Story,6,6,1974,1999,Hip,HdBoard,HdBoard,BrkFace,99.0,TA,TA,CBlock,663,377,0,1040,Fa,Y,SBrkr,1309,0,0,1309,1,0,1,1,3,1,Gd,5,Typ,1,2,484,Y,265,0,0,0,0,648,0,1,2006,WD,Normal,181000
153,60,RL,14803,Pave,IR1,Lvl,CulDSac,Gtl,NWAmes,Norm,Norm,1Fam,2Story,6,5,1971,1971,Gable,HdBoard,HdBoard,BrkFace,252.0,TA,TA,CBlock,416,0,409,825,Gd,Y,SBrkr,1097,896,0,1993,0,0,2,1,4,1,TA,8,Typ,1,2,495,Y,0,66,0,0,0,0,0,6,2006,WD,Normal,190000
665,20,RL,20896,Pave,IR2,Lvl,CulDSac,Gtl,Somerst,RRAn,Norm,1Fam,1Story,8,5,2005,2006,Gable,VinylSd,VinylSd,None,0.0,Gd,TA,PConc,1721,0,356,2077,Ex,Y,SBrkr,2097,0,0,2097,1,0,1,1,1,1,Ex,8,Typ,1,3,1134,Y,192,267,0,0,0,0,0,1,2006,New,Partial,423000
749,20,RL,10593,Pave,IR1,Lvl,Inside,Gtl,NoRidge,Norm,Norm,1Fam,1Story,7,5,1996,1996,Hip,VinylSd,VinylSd,BrkFace,338.0,Gd,TA,PConc,919,0,801,1720,Ex,Y,SBrkr,1720,0,0,1720,1,0,2,0,3,1,Gd,7,Typ,1,2,527,Y,240,56,154,0,0,0,0,3,2010,WD,Normal,260400
378,60,FV,11143,Pave,IR1,Lvl,Corner,Gtl,Somerst,Norm,Norm,1Fam,2Story,8,5,2004,2005,Gable,CemntBd,CmentBd,None,0.0,Gd,TA,PConc,0,0,1580,1580,Ex,Y,SBrkr,1580,886,0,2466,0,0,3,0,4,1,Gd,8,Typ,1,2,610,Y,159,214,0,0,0,0,0,12,2007,WD,Normal,340000
872,60,RL,8750,Pave,Reg,Lvl,Inside,Gtl,CollgCr,Norm,Norm,1Fam,2Story,6,5,1998,1998,Gable,VinylSd,VinylSd,BrkFace,116.0,TA,TA,PConc,505,0,299,804,Ex,Y,SBrkr,804,878,0,1682,0,0,2,1,3,1,Gd,7,Typ,0,2,523,Y,0,77,0,0,0,0,0,6,2010,WD,Normal,200500
311,60,RL,7685,Pave,IR1,Lvl,Inside,Gtl,Gilbert,Norm,Norm,1Fam,2Story,6,5,1993,1994,Gable,HdBoard,HdBoard,BrkFace,112.0,TA,TA,PConc,518,0,179,697,Gd,Y,SBrkr,697,804,0,1501,0,0,2,1,3,1,Gd,6,Typ,1,2,420,Y,190,63,0,0,0,0,0,5,2006,WD,Normal,165600
727,20,RL,21695,Pave,IR1,Lvl,Corner,Gtl,Crawfor,Norm,Norm,1Fam,1Story,6,9,1988,2007,Hip,Wd Sdng,Plywood,BrkFace,260.0,Gd,Gd,CBlock,808,0,72,880,Ex,Y,SBrkr,1680,0,0,1680,1,0,2,0,3,1,Gd,5,Typ,1,2,540,Y,292,44,0,182,0,0,0,12,2009,WD,Normal,222000
71,20,RL,13651,Pave,IR1,Lvl,Inside,Gtl,NAmes,Norm,Norm,1Fam,1Story,7,6,1973,1973,Gable,Plywood,Plywood,BrkFace,1115.0,TA,Gd,CBlock,1880,0,343,2223,Ex,Y,SBrkr,2223,0,0,2223,1,0,2,0,3,1,TA,8,Typ,2,2,516,Y,300,0,0,0,0,0,0,2,2007,WD,Normal,244000
213,60,FV,8640,Pave,Reg,Lvl,Inside,Gtl,Somerst,Norm,Norm,1Fam,2Story,7,5,2009,2009,Gable,VinylSd,VinylSd,None,0.0,TA,TA,PConc,822,0,78,900,Ex,Y,SBrkr,932,920,0,1852,1,0,2,1,3,1,Gd,7,Typ,1,2,644,Y,168,108,0,0,0,0,0,7,2009,New,Partial,252678
1155,60,RL,13700,Pave,IR1,Lvl,Inside,Gtl,NAmes,Norm,Norm,1Fam,2Story,7,6,1965,1988,Gable,VinylSd,VinylSd,Stone,288.0,TA,TA,CBlock,454,0,410,864,TA,Y,SBrkr,902,918,0,1820,0,0,1,2,4,1,Gd,8,Typ,2,2,492,Y,60,84,0,0,273,0,0,5,2008,WD,Normal,201800
564,50,RL,21780,Pave,Reg,Lvl,Inside,Gtl,Edwards,Norm,Norm,1Fam,1.5Fin,6,7,1918,1950,Gable,Wd Sdng,Wd Sdng,None,0.0,TA,TA,BrkTil,0,0,1163,1163,Ex,Y,SBrkr,1163,511,0,1674,0,0,2,0,4,1,TA,8,Typ,1,2,396,N,72,36,0,0,144,0,0,7,2008,WD,Normal,185000
1240,20,RL,9037,Pave,IR1,HLS,Inside,Gtl,Timber,Norm,Norm,1Fam,1Story,8,5,2006,2006,Hip,VinylSd,VinylSd,BrkFace,32.0,Gd,TA,PConc,428,0,1048,1476,Ex,Y,SBrkr,1484,0,0,1484,0,0,2,0,2,1,Ex,6,Typ,1,2,472,Y,120,33,0,0,0,0,0,12,2007,WD,Normal,265900
609,70,RL,12168,Pave,Reg,HLS,Inside,Mod,Crawfor,Norm,Norm,1Fam,2Story,8,6,1934,1998,Gable,BrkFace,Wd Sdng,None,0.0,TA,TA,PConc,428,0,537,965,TA,Y,SBrkr,1940,1254,0,3194,0,0,2,1,4,1,TA,10,Typ,2,2,380,Y,0,0,0,0,0,0,0,9,2007,WD,Alloca,359100
886,120,FV,5119,Pave,IR1,Lvl,CulDSac,Gtl,Somerst,Norm,Norm,TwnhsE,1Story,9,5,1999,2000,Gable,MetalSd,MetalSd,BrkFace,60.0,Gd,TA,PConc,1238,0,460,1698,Ex,Y,SBrkr,1709,0,0,1709,1,0,2,0,2,1,Gd,5,Typ,1,2,506,Y,97,65,0,0,0,0,0,1,2008,CWD,Abnorml,328900
1274,80,RL,11512,Pave,IR1,Lvl,Corner,Gtl,Edwards,Norm,Norm,1Fam,SLvl,6,7,1959,2006,Gable,Plywood,Plywood,BrkFace,84.0,TA,TA,CBlock,719,0,300,1019,Gd,Y,SBrkr,1357,0,0,1357,1,0,1,0,2,1,Ex,5,Typ,1,1,312,Y,0,0,0,0,163,0,0,5,2008,WD,Normal,177000
507,60,RL,9554,Pave,IR1,Lvl,Inside,Gtl,SawyerW,Norm,Norm,1Fam,2Story,8,5,1993,1994,Gable,VinylSd,VinylSd,BrkFace,125.0,Gd,TA,PConc,380,0,397,777,Ex,Y,SBrkr,1065,846,0,1911,0,0,2,1,3,1,Gd,8,Typ,1,2,471,Y,182,81,0,0,0,0,0,9,2006,WD,Normal,215000
162,60,RL,13688,Pave,IR1,Lvl,Inside,Gtl,NridgHt,Norm,Norm,1Fam,2Story,9,5,2003,2004,Gable,VinylSd,VinylSd,BrkFace,664.0,Gd,TA,PConc,1016,0,556,1572,Ex,Y,SBrkr,1572,1096,0,2668,1,0,2,1,3,1,Ex,10,Typ,2,3,726,Y,400,0,0,0,0,0,0,3,2008,WD,Normal,412500
703,60,RL,12438,Pave,IR1,Lvl,Inside,Gtl,StoneBr,Norm,Norm,1Fam,2Story,8,5,2006,2006,Hip,VinylSd,VinylSd,BrkFace,466.0,Ex,TA,PConc,0,0,1234,1234,Ex,Y,SBrkr,1264,1312,0,2576,0,0,2,1,4,1,Ex,10,Typ,1,3,666,Y,324,100,0,0,0,0,0,7,2006,New,Partial,361919
1343,60,RL,9375,Pave,Reg,Lvl,Inside,Gtl,CollgCr,Norm,Norm,1Fam,2Story,8,5,2002,2002,Gable,VinylSd,VinylSd,BrkFace,149.0,Gd,TA,PConc,0,0,1284,1284,Ex,Y,SBrkr,1284,885,0,2169,0,0,2,1,3,1,Gd,7,Typ,1,2,647,Y,192,87,0,0,0,0,0,8,2007,WD,Normal,228500
7,20,RL,10084,Pave,Reg,Lvl,Inside,Gtl,Somerst,Norm,Norm,1Fam,1Story,8,5,2004,2005,Gable,VinylSd,VinylSd,Stone,186.0,Gd,TA,PConc,1369,0,317,1686,Ex,Y,SBrkr,1694,0,0,1694,1,0,2,0,3,1,Gd,7,Typ,1,2,636,Y,255,57,0,0,0,0,0,8,2007,WD,Normal,307000
1189,60,RL,8935,Pave,IR1,Lvl,Inside,Gtl,CollgCr,Norm,Norm,1Fam,2Story,7,5,2002,2002,Gable,VinylSd,VinylSd,BrkFace,95.0,Gd,TA,PConc,0,0,831,831,Ex,Y,SBrkr,831,829,0,1660,0,0,2,1,3,1,Gd,7,Typ,0,2,493,Y,144,68,0,0,0,0,0,7,2009,WD,Normal,195000
783,20,RL,16285,Pave,IR2,Lvl,Inside,Gtl,CollgCr,Norm,Norm,1Fam,1Story,7,5,2001,2002,Gable,VinylSd,VinylSd,None,0.0,Gd,TA,PConc,0,0,1413,1413,Ex,Y,SBrkr,1430,0,0,1430,0,0,2,0,3,1,Gd,6,Typ,0,2,605,Y,0,33,0,0,0,0,0,6,2009,WD,Normal,187100
319,60,RL,9900,Pave,Reg,Low,Inside,Mod,NoRidge,Norm,Norm,1Fam,2Story,7,5,1993,1993,Gable,HdBoard,HdBoard,BrkFace,256.0,Gd,TA,PConc,987,0,360,1347,Ex,Y,SBrkr,1372,1274,0,2646,1,0,2,1,4,1,Gd,9,Typ,1,3,656,Y,340,60,144,0,0,0,0,4,2009,WD,Normal,260000
578,80,RL,11777,Pave,IR1,Lvl,Inside,Gtl,Sawyer,Norm,Norm,1Fam,SLvl,5,6,1966,1966,Gable,VinylSd,VinylSd,BrkFace,97.0,TA,TA,CBlock,328,551,285,1164,Ex,Y,SBrkr,1320,0,0,1320,1,0,1,0,3,1,TA,6,Typ,2,2,564,Y,160,68,240,0,0,0,0,5,2006,WD,Abnorml,164500
461,60,FV,8004,Pave,IR1,Lvl,Inside,Gtl,Somerst,RRAn,Norm,1Fam,2Story,8,5,2009,2009,Gable,VinylSd,VinylSd,Stone,110.0,Gd,TA,PConc,544,0,288,832,Ex,Y,SBrkr,832,1103,0,1935,1,0,2,1,3,1,TA,8,Typ,0,2,552,Y,0,150,0,0,0,0,0,12,2009,New,Partial,263435
21,60,RL,14215,Pave,IR1,Lvl,Corner,Gtl,NridgHt,Norm,Norm,1Fam,2Story,8,5,2005,2006,Gable,VinylSd,VinylSd,BrkFace,380.0,Gd,TA,PConc,0,0,1158,1158,Ex,Y,SBrkr,1158,1218,0,2376,0,0,3,1,4,1,Gd,9,Typ,1,3,853,Y,240,154,0,0,0,0,0,11,2006,New,Partial,325300
47,50,RL,12822,Pave,IR1,Lvl,CulDSac,Gtl,Mitchel,Norm,Norm,1Fam,1.5Fin,7,5,2003,2003,Gable,VinylSd,VinylSd,None,0.0,Gd,TA,PConc,1351,0,83,1434,Ex,Y,SBrkr,1518,631,0,2149,1,0,1,1,1,1,Gd,6,Typ,1,2,670,Y,168,43,0,0,198,0,0,8,2009,WD,Abnorml,239686
1038,60,RL,9240,Pave,Reg,Lvl,Inside,Gtl,CollgCr,Norm,Norm,1Fam,2Story,8,5,2001,2002,Gable,VinylSd,VinylSd,BrkFace,396.0,Gd,TA,PConc,0,0,1055,1055,Ex,Y,SBrkr,1055,1208,0,2263,0,0,2,1,3,1,Gd,7,Typ,1,2,905,Y,0,45,0,0,189,0,0,9,2008,WD,Normal,287000
131,60,RL,14200,Pave,Reg,Lvl,Corner,Gtl,NAmes,Norm,Norm,1Fam,2Story,7,6,1966,1966,Gable,MetalSd,MetalSd,BrkFace,309.0,TA,TA,CBlock,445,0,479,924,Ex,Y,SBrkr,1216,941,0,2157,0,0,2,1,4,1,Gd,8,Typ,2,2,487,Y,105,66,0,0,0,0,0,5,2006,WD,Normal,226000
687,60,FV,10207,Pave,Reg,Lvl,Inside,Gtl,Somerst,Norm,Norm,1Fam,2Story,7,6,2007,2007,Gable,VinylSd,VinylSd,None,0.0,Gd,TA,PConc,0,0,874,874,Ex,Y,SBrkr,874,887,0,1761,0,0,3,0,3,1,Gd,7,Typ,0,2,578,Y,144,105,0,0,0,0,0,8,2007,New,Partial,227875
740,60,RL,9313,Pave,IR1,Lvl,Inside,Gtl,CollgCr,Norm,Norm,1Fam,2Story,7,5,2004,2004,Gable,VinylSd,VinylSd,None,0.0,Gd,TA,PConc,0,0,864,864,Ex,Y,SBrkr,864,864,0,1728,0,0,2,1,3,1,Gd,7,Typ,0,2,572,Y,187,56,0,0,0,0,0,4,2009,WD,Normal,190000
553,20,RL,11146,Pave,IR1,Lvl,Inside,Gtl,NridgHt,Norm,Norm,1Fam,1Story,8,5,2006,2006,Gable,VinylSd,VinylSd,Stone,250.0,Gd,TA,PConc,0,0,1709,1709,Ex,Y,SBrkr,1717,0,0,1717,0,0,2,0,3,1,Gd,7,Typ,1,3,908,Y,169,39,0,0,0,0,0,7,2009,WD,Normal,255500
1348,20,RL,15306,Pave,IR1,HLS,Corner,Gtl,Timber,Norm,Norm,1Fam,1Story,8,5,2006,2007,Gable,VinylSd,VinylSd,Stone,100.0,Gd,TA,PConc,80,0,1652,1732,Ex,Y,SBrkr,1776,0,0,1776,1,0,2,0,3,1,Gd,7,Typ,1,3,712,Y,0,0,0,0,0,0,0,5,2007,New,Partial,283463
921,60,RL,8462,Pave,IR1,Lvl,Inside,Gtl,SawyerW,Norm,Norm,1Fam,2Story,6,5,1994,1994,Gable,HdBoard,HdBoard,BrkFace,105.0,Gd,Gd,PConc,814,0,114,928,Ex,Y,SBrkr,936,785,0,1721,0,1,2,1,3,1,Gd,7,Typ,0,2,471,Y,300,87,0,0,0,0,0,7,2007,WD,Normal,201000
176,20,RL,12615,Pave,Reg,Lvl,Corner,Gtl,Edwards,Norm,Norm,1Fam,1Story,6,7,1950,2001,Gable,WdShing,Wd Shng,None,0.0,TA,TA,CBlock,477,0,725,1202,TA,Y,SBrkr,2158,0,0,2158,1,0,2,0,4,1,Gd,7,Typ,1,2,576,Y,0,29,39,0,0,0,0,6,2007,WD,Normal,243000
341,60,RL,14191,Pave,Reg,Lvl,Inside,Gtl,Timber,Norm,Norm,1Fam,2Story,8,5,2002,2002,Gable,VinylSd,VinylSd,None,0.0,Gd,TA,PConc,0,0,967,967,Ex,Y,SBrkr,993,915,0,1908,0,0,2,1,4,1,Gd,9,Typ,0,2,431,Y,135,0,0,0,0,0,0,4,2010,WD,Normal,202900
655,20,RL,10437,Pave,IR1,Lvl,Inside,Gtl,NoRidge,Norm,Norm,1Fam,1Story,8,6,1995,1995,Hip,MetalSd,MetalSd,BrkFace,660.0,Gd,Gd,PConc,1696,0,413,2109,Ex,Y,SBrkr,2113,0,0,2113,1,0,2,1,2,1,Gd,7,Typ,1,3,839,Y,236,46,0,0,0,0,0,8,2008,WD,Normal,350000
1266,160,FV,3735,Pave,Reg,Lvl,FR3,Gtl,Somerst,Norm,Norm,TwnhsE,2Story,7,5,1999,1999,Hip,MetalSd,MetalSd,BrkFace,218.0,Gd,TA,PConc,450,0,241,691,Ex,Y,SBrkr,713,739,0,1452,1,0,2,1,3,1,Gd,6,Typ,0,2,506,Y,0,34,0,0,0,0,0,3,2006,WD,Normal,183900
991,60,RL,9452,Pave,Reg,Lvl,Inside,Gtl,NoRidge,Norm,Norm,1Fam,2Story,8,5,1997,1998,Gable,VinylSd,VinylSd,BrkFace,423.0,Gd,TA,PConc,1074,0,322,1396,Ex,Y,SBrkr,1407,985,0,2392,1,0,2,1,3,1,Gd,7,Typ,1,3,870,Y,0,70,0,0,0,0,0,6,2006,WD,Normal,348000
267,60,RL,11207,Pave,IR1,HLS,FR2,Gtl,Gilbert,Norm,Norm,1Fam,2Story,6,5,1997,1997,Gable,VinylSd,VinylSd,None,0.0,TA,TA,PConc,714,0,88,802,Gd,Y,SBrkr,802,709,0,1511,1,0,2,1,3,1,TA,8,Typ,1,2,413,Y,95,75,0,0,0,0,0,6,2006,WD,Normal,185000
400,60,FV,8125,Pave,Reg,Lvl,Inside,Gtl,Somerst,Norm,Norm,1Fam,2Story,7,5,2006,2007,Gable,CemntBd,CmentBd,Stone,100.0,Gd,TA,PConc,812,0,280,1092,Ex,Y,SBrkr,1112,438,0,1550,1,0,2,0,2,1,Gd,7,Typ,0,2,438,Y,0,168,0,0,0,0,0,10,2009,WD,Normal,241000
599,20,RL,12984,Pave,Reg,Bnk,Inside,Gtl,Crawfor,Norm,Norm,1Fam,1Story,5,6,1977,1977,Gable,Plywood,Plywood,BrkFace,459.0,TA,TA,CBlock,1283,147,0,1430,Ex,Y,SBrkr,1647,0,0,1647,1,0,2,0,3,1,Gd,7,Typ,1,2,621,Y,0,0,0,0,0,0,0,3,2006,WD,Normal,217500
1156,20,RL,10768,Pave,IR1,Lvl,Corner,Gtl,Veenker,Norm,Norm,1Fam,1Story,5,8,1976,2004,Gable,Plywood,Plywood,None,0.0,Gd,Gd,CBlock,1157,0,280,1437,TA,Y,SBrkr,1437,0,0,1437,1,0,2,0,3,1,Gd,6,Typ,1,2,528,Y,0,21,0,0,180,0,0,7,2007,WD,Normal,218000
1199,20,RL,9100,Pave,Reg,Lvl,Inside,Gtl,CollgCr,Norm,Norm,1Fam,1Story,7,5,2001,2001,Gable,VinylSd,VinylSd,None,0.0,Gd,TA,PConc,0,0,1212,1212,Ex,Y,SBrkr,1212,0,0,1212,0,0,2,0,3,1,Gd,6,Typ,0,2,573,Y,356,0,0,0,0,0,0,6,2009,WD,Normal,178000
95,60,RL,9337,Pave,IR1,Lvl,Inside,Gtl,CollgCr,Norm,Norm,1Fam,2Story,6,5,1997,1997,Gable,VinylSd,VinylSd,None,0.0,TA,Gd,PConc,648,0,176,824,Ex,Y,SBrkr,905,881,0,1786,1,0,2,1,3,1,Gd,7,Typ,0,2,684,Y,0,162,0,0,0,0,0,5,2007,WD,Normal,204750
642,60,FV,7050,Pave,Reg,Lvl,Inside,Gtl,Somerst,Norm,Norm,1Fam,2Story,7,5,2001,2001,Gable,VinylSd,VinylSd,None,0.0,Gd,TA,PConc,738,0,319,1057,Ex,Y,SBrkr,1057,872,0,1929,1,0,2,1,3,1,Gd,7,Typ,1,2,650,Y,0,235,0,0,0,0,0,5,2007,WD,Normal,226000
1416,120,RL,3635,Pave,Reg,Lvl,Inside,Gtl,Blmngtn,Norm,Norm,TwnhsE,1Story,7,5,2007,2007,Hip,VinylSd,VinylSd,BrkFace,130.0,Gd,TA,PConc,988,0,398,1386,Ex,Y,SBrkr,1569,0,0,1569,0,1,2,0,1,1,Gd,7,Typ,1,3,660,Y,143,20,0,0,0,0,0,5,2009,WD,Normal,175900
1307,120,RL,6955,Pave,IR1,Lvl,Inside,Gtl,NridgHt,Norm,Norm,TwnhsE,1Story,7,5,2005,2006,Gable,VinylSd,VinylSd,Stone,94.0,Gd,TA,PConc,0,0,1368,1368,Ex,Y,SBrkr,1368,0,0,1368,0,0,2,0,2,1,Gd,6,Typ,1,2,474,Y,132,35,0,0,0,0,0,9,2006,New,Partial,202500
550,60,FV,9375,Pave,Reg,Lvl,Inside,Gtl,Somerst,Norm,Norm,1Fam,2Story,7,5,2003,2004,Gable,VinylSd,VinylSd,None,0.0,Gd,TA,PConc,0,0,912,912,Ex,Y,SBrkr,912,1182,0,2094,0,0,2,1,4,1,Gd,8,Typ,1,2,615,Y,182,182,0,0,0,0,0,11,2009,WD,Normal,263000
26,20,RL,14230,Pave,Reg,Lvl,Corner,Gtl,NridgHt,Norm,Norm,1Fam,1Story,8,5,2007,2007,Gable,VinylSd,VinylSd,Stone,640.0,Gd,TA,PConc,0,0,1566,1566,Ex,Y,SBrkr,1600,0,0,1600,0,0,2,0,3,1,Gd,7,Typ,1,3,890,Y,0,56,0,0,0,0,0,7,2009,WD,Normal,256300
350,60,RL,20431,Pave,IR2,Lvl,Inside,Gtl,NridgHt,Norm,Norm,1Fam,2Story,9,5,2005,2006,Hip,CemntBd,CmentBd,BrkFace,870.0,Ex,TA,PConc,1410,0,438,1848,Ex,Y,SBrkr,1848,880,0,2728,1,0,2,1,4,1,Ex,10,Typ,2,3,706,Y,0,0,0,0,0,0,0,4,2006,New,Partial,437154
1128,20,RL,14572,Pave,IR3,Lvl,Corner,Gtl,Gilbert,Norm,Norm,1Fam,1Story,7,5,2004,2004,Hip,VinylSd,VinylSd,None,0.0,Gd,TA,PConc,1300,0,230,1530,Ex,Y,SBrkr,1530,0,0,1530,1,0,2,0,3,1,Gd,7,Typ,1,3,630,Y,144,36,0,0,0,0,0,11,2007,WD,Family,259000
1088,60,FV,10574,Pave,Reg,Lvl,Inside,Gtl,Somerst,Norm,Norm,1Fam,2Story,8,5,2005,2006,Gable,VinylSd,VinylSd,None,0.0,Gd,TA,PConc,0,0,1082,1082,Ex,Y,SBrkr,1082,871,0,1953,0,0,2,1,3,1,Gd,9,Typ,1,3,1043,Y,160,50,0,0,0,0,0,5,2009,WD,Normal,252000
380,60,RL,8123,Pave,IR1,Lvl,Inside,Gtl,Gilbert,RRAn,Norm,1Fam,2Story,6,5,2000,2000,Gable,VinylSd,VinylSd,BrkFace,16.0,TA,TA,PConc,0,0,982,982,Ex,Y,SBrkr,1007,793,0,1800,0,0,2,1,3,1,TA,7,Typ,1,2,463,Y,100,63,0,0,0,0,0,6,2009,WD,Normal,179000
46,120,RL,7658,Pave,Reg,Lvl,Inside,Gtl,NridgHt,Norm,Norm,TwnhsE,1Story,9,5,2005,2005,Hip,MetalSd,MetalSd,BrkFace,412.0,Ex,TA,PConc,456,0,1296,1752,Ex,Y,SBrkr,1752,0,0,1752,1,0,2,0,2,1,Ex,6,Typ,1,2,576,Y,196,82,0,0,0,0,0,2,2010,WD,Normal,319900
525,60,RL,11787,Pave,IR1,Lvl,Inside,Gtl,NoRidge,Norm,Norm,1Fam,2Story,7,5,1996,1997,Gable,VinylSd,VinylSd,BrkFace,594.0,Gd,TA,PConc,719,0,660,1379,Ex,Y,SBrkr,1383,1015,0,2398,1,0,2,1,3,1,Gd,8,Typ,1,3,834,Y,239,60,0,0,0,0,0,8,2007,WD,Normal,315750
793,60,RL,9920,Pave,IR1,Lvl,CulDSac,Gtl,NoRidge,Norm,Norm,1Fam,2Story,7,5,1996,1997,Gable,MetalSd,MetalSd,None,0.0,Gd,TA,PConc,862,0,255,1117,Ex,Y,SBrkr,1127,886,0,2013,1,0,2,1,3,1,TA,8,Typ,1,2,455,Y,180,130,0,0,0,0,0,6,2007,WD,Normal,269790
764,60,RL,9430,Pave,Reg,Lvl,Inside,Gtl,NoRidge,Norm,Norm,1Fam,2Story,8,5,1999,1999,Gable,VinylSd,VinylSd,BrkFace,673.0,Gd,TA,PConc,1163,0,89,1252,Ex,Y,SBrkr,1268,1097,0,2365,1,0,2,1,3,1,Gd,8,Typ,1,3,856,Y,0,128,0,0,180,0,0,7,2009,WD,Normal,337000
933,20,RL,11670,Pave,IR1,Lvl,Corner,Gtl,Somerst,RRNn,Norm,1Fam,1Story,9,5,2006,2006,Hip,VinylSd,ImStucc,Stone,302.0,Ex,TA,PConc,0,0,1905,1905,Ex,Y,SBrkr,1905,0,0,1905,0,0,2,0,3,1,Ex,8,Typ,1,3,788,Y,0,191,0,0,0,0,0,3,2007,WD,Normal,320000
1316,60,RL,11075,Pave,Reg,Lvl,Inside,Gtl,NAmes,Norm,Norm,1Fam,2Story,6,5,1969,1969,Gable,HdBoard,HdBoard,None,0.0,TA,TA,CBlock,500,276,176,952,TA,Y,SBrkr,1092,1020,0,2112,0,0,2,1,4,1,TA,9,Typ,2,2,576,Y,280,0,0,0,0,0,0,6,2008,WD,Normal,206900
368,80,RL,9150,Pave,IR1,Lvl,Corner,Gtl,NAmes,Norm,Norm,1Fam,SLvl,6,5,1962,1962,Gable,Plywood,Plywood,BrkFace,305.0,TA,TA,CBlock,371,0,728,1099,Gd,Y,SBrkr,1431,0,0,1431,0,1,1,0,3,1,TA,6,Typ,1,1,296,Y,64,110,0,0,0,0,0,12,2008,WD,Normal,165000
1374,20,RL,11400,Pave,Reg,Lvl,Inside,Gtl,NoRidge,Norm,Norm,1Fam,1Story,10,5,2001,2002,Hip,VinylSd,VinylSd,BrkFace,705.0,Ex,TA,PConc,1282,0,1351,2633,Ex,Y,SBrkr,2633,0,0,2633,1,0,2,1,2,1,Ex,8,Typ,2,3,804,Y,314,140,0,0,0,0,0,3,2007,WD,Normal,466500
878,60,RL,8834,Pave,Reg,Lvl,Inside,Gtl,NridgHt,Norm,Norm,1Fam,2Story,9,5,2004,2005,Hip,VinylSd,VinylSd,Stone,216.0,Gd,TA,PConc,1170,0,292,1462,Ex,Y,SBrkr,1462,762,0,2224,1,0,2,1,4,1,Ex,10,Typ,1,3,738,Y,184,0,0,0,0,0,0,6,2009,WD,Normal,350000
1153,20,RL,14115,Pave,IR1,Lvl,Inside,Gtl,Crawfor,Norm,Norm,1Fam,1Story,6,7,1956,2004,Gable,Stone,Stone,None,0.0,TA,TA,PConc,296,547,230,1073,Ex,Y,SBrkr,1811,0,0,1811,0,0,1,0,2,1,Ex,6,Typ,1,2,470,Y,0,0,280,0,0,0,0,7,2006,WD,Abnorml,230000
1122,20,RL,10084,Pave,Reg,Lvl,Inside,Gtl,CollgCr,Norm,Norm,1Fam,1Story,7,5,2005,2006,Gable,VinylSd,VinylSd,BrkFace,196.0,Gd,TA,PConc,24,0,1528,1552,Ex,Y,SBrkr,1552,0,0,1552,0,0,2,0,3,1,Gd,7,Typ,0,3,782,Y,144,20,0,0,0,0,0,7,2006,New,Partial,212900
860,60,RL,11029,Pave,IR1,Lvl,Corner,Gtl,NWAmes,PosA,Norm,1Fam,2Story,6,7,1968,1984,Gable,HdBoard,HdBoard,BrkFace,220.0,TA,TA,CBlock,619,0,435,1054,TA,Y,SBrkr,1512,1142,0,2654,1,0,2,1,4,1,Gd,9,Typ,1,2,619,Y,0,65,0,0,222,0,0,8,2006,WD,Normal,250000
1257,20,RL,14303,Pave,IR1,Lvl,Corner,Gtl,NoRidge,Norm,Norm,1Fam,1Story,8,5,1994,1994,Hip,HdBoard,HdBoard,BrkFace,554.0,Gd,TA,PConc,1314,0,672,1986,Ex,Y,SBrkr,1987,0,0,1987,1,0,2,0,2,1,Gd,7,Typ,1,2,691,Y,262,36,0,0,0,0,0,8,2008,WD,Normal,301500
1182,120,RM,5587,Pave,IR1,HLS,Inside,Mod,Crawfor,Norm,Norm,TwnhsE,1Story,8,5,2008,2008,Hip,CemntBd,CmentBd,Stone,186.0,Ex,TA,PConc,1480,0,120,1600,Ex,Y,SBrkr,1652,0,0,1652,1,1,2,0,2,1,Gd,5,Typ,1,2,482,Y,162,53,0,153,0,0,0,11,2008,New,Partial,392500
1090,120,FV,3316,Pave,IR1,Lvl,Inside,Gtl,Somerst,Norm,Norm,TwnhsE,1Story,8,5,2005,2005,Gable,MetalSd,MetalSd,None,0.0,Gd,TA,PConc,1039,0,208,1247,Ex,Y,SBrkr,1247,0,0,1247,1,0,1,1,1,1,Gd,4,Typ,1,2,550,Y,0,84,0,0,0,0,0,4,2006,WD,Normal,197000
1077,50,RL,10800,Pave,Reg,Lvl,Inside,Gtl,OldTown,Norm,Norm,1Fam,1.5Fin,5,8,1936,1989,Gable,Wd Sdng,Wd Sdng,None,0.0,TA,TA,CBlock,626,0,170,796,Gd,Y,SBrkr,1096,370,0,1466,0,1,2,0,3,1,Gd,7,Min1,1,2,566,Y,436,21,0,0,0,0,500,4,2006,WD,Normal,170000
1167,20,RL,10475,Pave,IR1,Lvl,Corner,Gtl,CollgCr,Norm,Norm,1Fam,1Story,8,5,2008,2008,Gable,VinylSd,VinylSd,Stone,72.0,Gd,TA,PConc,0,0,1694,1694,Ex,Y,SBrkr,1694,0,0,1694,0,0,2,0,3,1,Gd,7,Typ,0,3,776,Y,160,33,0,0,0,0,0,2,2010,WD,Normal,245350
816,20,RL,12137,Pave,IR2,Lvl,CulDSac,Gtl,CollgCr,Norm,Norm,1Fam,1Story,7,5,1998,1998,Gable,VinylSd,VinylSd,BrkFace,442.0,TA,TA,PConc,0,0,1649,1649,Ex,Y,SBrkr,1661,0,0,1661,0,0,2,0,3,1,Gd,6,Typ,0,2,598,Y,0,34,0,0,0,0,0,5,2010,WD,Normal,224900
1436,20,RL,8400,Pave,Reg,Lvl,Inside,Gtl,NAmes,Norm,Norm,1Fam,1Story,6,9,1962,2005,Gable,Wd Sdng,Wd Sdng,BrkFace,237.0,Gd,Gd,CBlock,0,0,1319,1319,TA,Y,SBrkr,1537,0,0,1537,1,0,1,1,3,1,Gd,7,Typ,1,2,462,Y,0,36,0,0,0,0,0,7,2008,COD,Abnorml,174000
636,190,RH,10896,Pave,Reg,Bnk,Inside,Gtl,SWISU,Feedr,Norm,2fmCon,2.5Fin,6,7,1914,1995,Hip,VinylSd,VinylSd,None,0.0,Fa,TA,CBlock,256,0,1184,1440,Ex,Y,FuseA,1440,1440,515,3395,0,0,2,0,8,2,Fa,14,Typ,0,0,0,N,0,110,0,0,0,0,0,3,2007,WD,Abnorml,200000
1387,60,RL,16692,Pave,IR1,Lvl,Inside,Gtl,NWAmes,RRAn,Norm,1Fam,2Story,7,5,1978,1978,Gable,Plywood,Plywood,BrkFace,184.0,TA,TA,CBlock,790,469,133,1392,TA,Y,SBrkr,1392,1392,0,2784,1,0,3,1,5,1,Gd,12,Typ,2,2,564,Y,0,112,0,0,440,519,2000,7,2006,WD,Normal,250000
1391,20,RL,9100,Pave,Reg,Lvl,Inside,Gtl,CollgCr,Norm,Norm,1Fam,1Story,7,5,2000,2000,Gable,VinylSd,VinylSd,BrkFace,244.0,Gd,TA,PConc,1400,0,125,1525,Ex,Y,SBrkr,1525,0,0,1525,1,0,2,0,3,1,Gd,6,Typ,0,2,541,Y,219,36,0,0,0,0,0,9,2006,WD,Normal,235000
962,60,RL,12227,Pave,IR1,Lvl,Corner,Gtl,NWAmes,PosN,Norm,1Fam,2Story,6,7,1977,1995,Gable,HdBoard,HdBoard,BrkFace,424.0,TA,Gd,CBlock,896,0,434,1330,TA,Y,SBrkr,1542,1330,0,2872,1,0,2,1,4,1,TA,11,Typ,1,2,619,Y,550,282,0,0,0,0,0,7,2008,WD,Normal,272000
271,60,FV,10728,Pave,Reg,Lvl,Inside,Gtl,Somerst,Norm,Norm,1Fam,2Story,8,5,2006,2006,Gable,VinylSd,VinylSd,None,0.0,Gd,TA,PConc,0,0,1095,1095,Gd,Y,SBrkr,1095,844,0,1939,0,0,2,1,3,1,Gd,8,Typ,1,3,1053,Y,192,51,0,0,0,0,0,8,2006,New,Partial,266000
537,60,RL,8924,Pave,IR1,Lvl,CulDSac,Gtl,CollgCr,Norm,Norm,1Fam,2Story,7,5,1998,1999,Gable,VinylSd,VinylSd,None,0.0,TA,TA,PConc,0,0,880,880,Ex,Y,SBrkr,880,844,0,1724,0,0,2,1,3,1,Gd,8,Typ,0,2,527,Y,120,155,0,0,0,0,0,7,2008,WD,Normal,188000
